file,CHARM,ts_len,anomaly_len,num_anomaly,avg_anomaly_len,anomaly_ratio,point_anomaly,seq_anomaly
001_Genesis_id_1_Sensor_tr_4055_1st_15538.csv,0.9304424817599948,16220,50,3,16.6666666666667,0.00308261405672,0,1
002_MSL_id_1_Sensor_tr_500_1st_900.csv,0.9960656085657694,1827,11,1,11.0,0.0060207991242474,0,1
003_MSL_id_2_Sensor_tr_883_1st_1238.csv,0.440376951927092,3535,228,2,114.0,0.0644978783592645,0,1
005_MSL_id_4_Sensor_tr_855_1st_2700.csv,0.0912601653665434,3422,71,1,71.0,0.0207481005260081,0,1
006_MSL_id_5_Sensor_tr_1150_1st_1250.csv,0.7860265076160431,5054,423,3,141.0,0.0836960823110407,0,1
007_MSL_id_6_Sensor_tr_980_1st_3550.csv,0.936103886799794,3922,151,1,151.0,0.0385007649158592,0,1
008_MSL_id_7_Sensor_tr_656_1st_1630.csv,0.6684761109587911,2625,222,2,111.0,0.0845714285714285,0,1
009_MSL_id_8_Sensor_tr_714_1st_1390.csv,0.2349292414174193,2856,21,1,21.0,0.0073529411764705,0,1
010_MSL_id_9_Sensor_tr_554_1st_1172.csv,0.123116663434136,2217,69,1,69.0,0.0311231393775372,0,1
012_MSL_id_11_Sensor_tr_539_1st_940.csv,0.3310441125412376,2156,101,1,101.0,0.0468460111317254,0,1
013_MSL_id_12_Sensor_tr_554_1st_1200.csv,0.7230518271052647,2218,26,1,26.0,0.011722272317403,0,1
014_MSL_id_13_Sensor_tr_1525_1st_4575.csv,0.0853252993334853,6100,181,1,181.0,0.0296721311475409,0,1
015_MSL_id_14_Sensor_tr_575_1st_1250.csv,0.5913580842316151,2303,301,1,301.0,0.130699088145897,0,1
016_MSL_id_15_Sensor_tr_500_1st_780.csv,0.5370894014835358,1096,112,2,56.0,0.102189781021898,0,1
017_MSL_id_16_Sensor_tr_512_1st_1850.csv,0.9802255867019533,2049,181,1,181.0,0.0883357735480722,0,1
018_Daphnet_id_1_HumanActivity_tr_9693_1st_20732.csv,0.3875529134677628,38774,2306,6,384.333333333333,0.0594728426265022,0,1
019_MITDB_id_1_Medical_tr_37500_1st_103211.csv,0.5633118621846462,150000,18610,1,18610.0,0.124066666666667,0,1
020_MITDB_id_2_Medical_tr_50000_1st_52315.csv,0.019555129997787,650000,1047,2,523.5,0.0016107692307692,0,1
021_MITDB_id_3_Medical_tr_50000_1st_57595.csv,0.8835116950670878,500000,8810,18,489.444444444444,0.01762,0,1
022_MITDB_id_4_Medical_tr_50000_1st_54253.csv,0.1311767963426453,300000,13293,25,531.72,0.04431,0,1
024_MITDB_id_6_Medical_tr_50000_1st_58118.csv,0.4521355874954708,200000,353,1,353.0,0.001765,0,1
025_MITDB_id_7_Medical_tr_37500_1st_88864.csv,0.882866527529673,150000,3696,6,616.0,0.02464,0,1
026_MITDB_id_8_Medical_tr_30495_1st_30595.csv,0.7145257336752755,400000,26233,48,546.520833333333,0.0655825,0,1
027_MITDB_id_9_Medical_tr_25000_1st_52255.csv,0.1956715802351633,100000,433,1,433.0,0.00433,0,1
029_MITDB_id_11_Medical_tr_50000_1st_518037.csv,0.4158692295352618,600000,1750,5,350.0,0.0029166666666666,0,1
030_MITDB_id_12_Medical_tr_50000_1st_84572.csv,0.3932580695928711,620000,26771,59,453.745762711864,0.0431790322580645,0,1
031_MITDB_id_13_Medical_tr_50000_1st_79433.csv,0.3790287813405409,450000,9807,28,350.25,0.0217933333333333,0,1
032_GHL_id_1_Sensor_tr_50000_1st_65001.csv,0.394606999461613,200001,1850,2,925.0,0.0092499537502312,0,1
033_GHL_id_2_Sensor_tr_50000_1st_51001.csv,0.3589433746205435,200001,1847,2,923.5,0.0092349538252308,0,1
034_GHL_id_3_Sensor_tr_50000_1st_122001.csv,0.5898960105010441,200001,1919,2,959.5,0.0095949520252398,0,1
035_GHL_id_4_Sensor_tr_50000_1st_90001.csv,0.4638407194898242,200001,2713,3,904.333333333333,0.0135649321753391,0,1
036_GHL_id_5_Sensor_tr_50000_1st_67147.csv,0.1108613590162897,200001,2283,2,1141.5,0.0114149429252853,0,1
037_GHL_id_6_Sensor_tr_50000_1st_80001.csv,0.3532191600118364,200001,1866,2,933.0,0.0093299533502332,0,1
038_GHL_id_7_Sensor_tr_50000_1st_100001.csv,0.1320885361305304,200001,1695,2,847.5,0.0084749576252118,0,1
039_GHL_id_8_Sensor_tr_50000_1st_63030.csv,0.2510914059858473,200001,1168,1,1168.0,0.005839970800146,0,1
041_GHL_id_10_Sensor_tr_50000_1st_57001.csv,0.1892414906668284,200001,1855,2,927.5,0.0092749536252318,0,1
042_GHL_id_11_Sensor_tr_50000_1st_150001.csv,0.1877442648013432,200001,1546,2,773.0,0.0077299613501932,0,1
043_GHL_id_12_Sensor_tr_39938_1st_40038.csv,0.1051715605315708,200001,1051,1,1051.0,0.0052549737251313,0,1
044_GHL_id_13_Sensor_tr_50000_1st_145001.csv,0.3487082090642717,200001,1849,2,924.5,0.0092449537752311,0,1
045_GHL_id_14_Sensor_tr_50000_1st_85076.csv,0.3626228265819095,200001,1771,2,885.5,0.0088549557252213,0,1
046_GHL_id_15_Sensor_tr_50000_1st_156462.csv,0.0536577428676306,200001,1239,1,1239.0,0.0061949690251548,0,1
047_GHL_id_16_Sensor_tr_50000_1st_77001.csv,0.5722313752723118,200001,2728,3,909.333333333333,0.0136399318003409,0,1
048_GHL_id_17_Sensor_tr_50000_1st_154001.csv,0.4020842758436051,200001,3583,4,895.75,0.0179149104254478,0,1
050_GHL_id_19_Sensor_tr_43750_1st_55001.csv,0.0077910204270174,175001,1129,1,1129.0,0.0064513917063331,0,1
051_GHL_id_20_Sensor_tr_50000_1st_75110.csv,0.3635650686328373,200001,1191,1,1191.0,0.0059549702251488,0,1
052_GHL_id_21_Sensor_tr_50000_1st_98001.csv,0.3164803974685214,200001,971,1,971.0,0.0048549757251213,0,1
053_GHL_id_22_Sensor_tr_50000_1st_126448.csv,0.3521179003374917,200001,6492,5,1298.4,0.0324598377008115,0,1
054_GHL_id_23_Sensor_tr_50000_1st_135001.csv,0.3471738348404566,200001,3734,3,1244.66666666667,0.0186699066504667,0,1
055_GHL_id_24_Sensor_tr_50000_1st_118124.csv,0.3719675578768291,200001,1009,1,1009.0,0.0050449747751261,0,1
056_GHL_id_25_Sensor_tr_50000_1st_105568.csv,0.3669114164889804,200001,3144,3,1048.0,0.0157199214003929,0,1
057_SMD_id_1_Facility_tr_4529_1st_4629.csv,0.2642827466610939,23694,542,10,54.2,0.0228749894488056,0,1
058_SMD_id_2_Facility_tr_1087_1st_1187.csv,0.1803822555830554,28726,1194,11,108.545454545455,0.0415651326324584,0,1
059_SMD_id_3_Facility_tr_757_1st_857.csv,0.2539927668869495,23689,269,10,26.9,0.0113554814470851,0,1
060_SMD_id_4_Facility_tr_7176_1st_10609.csv,0.1567510336874023,28705,434,5,86.8,0.0151193171921268,0,1
061_SMD_id_5_Facility_tr_7176_1st_15144.csv,0.4780504041247897,28704,1371,6,228.5,0.0477633779264214,0,1
063_SMD_id_7_Facility_tr_5923_1st_6506.csv,0.1612709011468622,23694,1170,13,90.0,0.0493795897695619,0,1
064_SMD_id_8_Facility_tr_2272_1st_2372.csv,0.211325600270241,21203,782,10,78.2,0.03688157336226,0,1
065_SMD_id_9_Facility_tr_737_1st_837.csv,0.1524847959096615,23697,2398,13,184.461538461538,0.10119424399713,0,1
066_SMD_id_10_Facility_tr_2634_1st_2734.csv,0.4554511904716491,23687,977,8,122.125,0.0412462532190653,0,1
067_SMD_id_11_Facility_tr_1980_1st_2080.csv,0.0333974203811242,22703,1083,9,120.333333333333,0.0477029467471259,0,1
068_SMD_id_12_Facility_tr_1099_1st_1199.csv,0.326666848226027,28713,303,4,75.75,0.010552711315432,0,1
069_SMD_id_13_Facility_tr_5925_1st_12760.csv,0.4821990610115111,23700,2833,11,257.545454545455,0.119535864978903,0,1
070_SMD_id_14_Facility_tr_1070_1st_1170.csv,0.1580248112598108,28743,424,8,53.0,0.0147514177364923,0,1
071_SMD_id_15_Facility_tr_1109_1st_1209.csv,0.3603361438621174,28700,308,4,77.0,0.0107317073170731,0,1
073_SMD_id_17_Facility_tr_5926_1st_10620.csv,0.1522773145274682,23706,100,7,14.2857142857143,0.0042183413481818,0,1
074_SMD_id_18_Facility_tr_7174_1st_21230.csv,0.8346561997655838,28696,198,3,66.0,0.0068999163646501,0,1
075_SMD_id_19_Facility_tr_564_1st_664.csv,0.1140916575278554,23696,417,20,20.85,0.0175979068197164,0,1
076_SMD_id_20_Facility_tr_5925_1st_17580.csv,0.4005331635475159,23703,161,1,161.0,0.0067923891490528,0,1
077_SMD_id_21_Facility_tr_3026_1st_3126.csv,0.2816317354048055,21207,688,11,62.5454545454546,0.0324421181685292,0,1
078_SMD_id_22_Facility_tr_500_1st_326.csv,0.2477039591897101,23693,1047,13,80.5384615384615,0.0441902671675178,0,1
079_LTDB_id_1_Medical_tr_3618_1st_3718.csv,0.9693087250879496,100000,14781,116,127.422413793103,0.14781,0,1
080_LTDB_id_2_Medical_tr_500_1st_266.csv,0.3275224597503741,100000,14857,137,108.445255474453,0.14857,0,1
081_LTDB_id_3_Medical_tr_500_1st_26.csv,0.2733259444703927,100000,31565,166,190.150602409639,0.31565,0,1
083_LTDB_id_5_Medical_tr_15502_1st_15602.csv,0.1917638313025236,100000,505,6,84.1666666666667,0.00505,0,1
084_SVDB_id_1_Medical_tr_12973_1st_13073.csv,0.2473959199406883,230400,3537,23,153.782608695652,0.0153515625,0,1
085_SVDB_id_2_Medical_tr_50000_1st_54982.csv,0.7171963286219222,230400,8578,57,150.491228070175,0.0372309027777777,0,1
086_SVDB_id_3_Medical_tr_533_1st_633.csv,0.6252735484214057,230400,16121,117,137.786324786325,0.0699696180555555,0,1
087_SVDB_id_4_Medical_tr_5421_1st_5521.csv,0.9659130423008896,230400,12809,83,154.325301204819,0.0555946180555555,0,1
088_SVDB_id_5_Medical_tr_500_1st_168.csv,0.2483980059623718,230400,22858,191,119.675392670157,0.0992100694444444,0,1
089_SVDB_id_6_Medical_tr_50000_1st_83083.csv,0.3459968554604913,230400,3108,8,388.5,0.0134895833333333,0,1
091_SVDB_id_8_Medical_tr_500_1st_126.csv,0.2365817166134423,230400,17822,83,214.722891566265,0.0773524305555555,0,1
092_SVDB_id_9_Medical_tr_2674_1st_2774.csv,0.8925470067549122,230400,12102,26,465.461538461538,0.0525260416666666,0,1
093_SVDB_id_10_Medical_tr_500_1st_37.csv,0.3211183639412576,230400,18107,152,119.125,0.0785894097222222,0,1
094_SVDB_id_11_Medical_tr_20100_1st_23611.csv,0.815178392492995,80400,945,8,118.125,0.0117537313432835,0,1
095_SVDB_id_12_Medical_tr_6264_1st_6364.csv,0.691169910334252,230400,7464,45,165.866666666667,0.0323958333333333,0,1
096_SVDB_id_13_Medical_tr_500_1st_444.csv,0.7608312863496042,230400,7733,43,179.837209302326,0.0335633680555555,0,1
097_SVDB_id_14_Medical_tr_1031_1st_1131.csv,0.9883600580692292,230400,27789,208,133.600961538462,0.120611979166667,0,1
098_SVDB_id_15_Medical_tr_500_1st_303.csv,0.3047998167068055,230400,14599,121,120.652892561983,0.0633637152777777,0,1
099_SVDB_id_16_Medical_tr_1115_1st_1215.csv,0.7293525207333449,230400,16389,164,99.9329268292683,0.0711328125,0,1
100_SVDB_id_17_Medical_tr_17803_1st_17903.csv,0.8832499260487764,130400,3941,25,157.64,0.0302223926380368,0,1
101_SVDB_id_18_Medical_tr_1851_1st_1951.csv,0.781439556488915,230400,16102,81,198.79012345679,0.0698871527777777,0,1
102_SVDB_id_19_Medical_tr_50000_1st_107354.csv,0.6673509298513333,230400,13376,6,2229.33333333333,0.0580555555555555,0,1
103_SVDB_id_20_Medical_tr_12167_1st_12267.csv,0.468963731939976,230400,6151,61,100.836065573771,0.0266970486111111,0,1
104_SVDB_id_21_Medical_tr_50000_1st_106634.csv,0.7877880129814148,230400,3503,13,269.461538461538,0.0152039930555555,0,1
105_SVDB_id_22_Medical_tr_500_1st_417.csv,0.6450680747424086,150000,12827,68,188.632352941177,0.0855133333333333,0,1
106_SVDB_id_23_Medical_tr_37500_1st_121963.csv,0.9042051956767128,150000,676,1,676.0,0.0045066666666666,0,1
108_SVDB_id_25_Medical_tr_1238_1st_1338.csv,0.6111017836303246,230400,7048,32,220.25,0.0305902777777777,0,1
109_SVDB_id_26_Medical_tr_1038_1st_1138.csv,0.5403341224817472,230400,20820,167,124.670658682635,0.0903645833333333,0,1
110_SVDB_id_27_Medical_tr_30824_1st_30924.csv,0.649000195290545,230400,7847,42,186.833333333333,0.0340581597222222,0,1
111_SVDB_id_28_Medical_tr_1791_1st_1891.csv,0.9690051722148108,230400,21980,145,151.586206896552,0.0953993055555555,0,1
112_SVDB_id_29_Medical_tr_8226_1st_8326.csv,0.1242736272837804,230400,2559,17,150.529411764706,0.0111067708333333,0,1
114_SVDB_id_31_Medical_tr_25000_1st_63090.csv,0.2552584895243247,100000,497,1,497.0,0.00497,0,1
115_PSM_id_1_Facility_tr_50000_1st_129872.csv,0.2264337649657612,217624,24381,72,338.625,0.112032680219093,1,1
116_TAO_id_1_Environment_tr_500_1st_3.csv,0.6095428062928101,10000,492,464,1.06034482758621,0.0492,1,1
117_TAO_id_2_Environment_tr_500_1st_1.csv,0.6457381275567141,10000,1395,1208,1.15480132450331,0.1395,1,1
118_TAO_id_3_Environment_tr_500_1st_7.csv,0.301605979862966,10000,488,468,1.04273504273504,0.0488,1,1
119_TAO_id_4_Environment_tr_500_1st_1.csv,0.91155485985996,10000,945,854,1.10655737704918,0.0945,1,1
121_TAO_id_6_Environment_tr_500_1st_7.csv,0.8365765726843546,10000,1409,1220,1.15491803278689,0.1409,1,1
122_TAO_id_7_Environment_tr_500_1st_19.csv,0.6992396408828294,10000,948,858,1.1048951048951,0.0948,1,1
123_TAO_id_8_Environment_tr_500_1st_62.csv,0.6414565415984957,10000,487,463,1.05183585313175,0.0487,1,1
124_TAO_id_9_Environment_tr_500_1st_1.csv,0.724843382717125,10000,483,456,1.05921052631579,0.0483,1,1
125_TAO_id_10_Environment_tr_500_1st_9.csv,0.9400979135210482,10000,943,856,1.10163551401869,0.0943,1,1
127_TAO_id_12_Environment_tr_500_1st_24.csv,0.6631355217051884,10000,485,457,1.06126914660832,0.0485,1,1
128_TAO_id_13_Environment_tr_500_1st_7.csv,0.8365765726843546,10000,1409,1220,1.15491803278689,0.1409,1,1
129_OPPORTUNITY_id_1_HumanActivity_tr_1801_1st_1901.csv,0.0277792991804225,24693,721,2,360.5,0.0291985582958733,0,1
130_OPPORTUNITY_id_2_HumanActivity_tr_1045_1st_1145.csv,0.1181883066892623,5162,469,1,469.0,0.0908562572646261,0,1
132_OPPORTUNITY_id_4_HumanActivity_tr_895_1st_995.csv,0.0431833961416804,9323,438,1,438.0,0.0469805856483964,0,1
133_OPPORTUNITY_id_5_HumanActivity_tr_1745_1st_6500.csv,0.3197209321790271,6980,480,1,480.0,0.0687679083094555,0,1
134_OPPORTUNITY_id_6_HumanActivity_tr_1477_1st_1577.csv,0.0151328703107696,16515,355,1,355.0,0.0214956100514683,0,1
135_OPPORTUNITY_id_7_HumanActivity_tr_2085_1st_2185.csv,0.0313574936359174,21706,818,2,409.0,0.0376854325992813,0,1
136_OPPORTUNITY_id_8_HumanActivity_tr_1495_1st_1595.csv,0.0443752731920944,26969,625,2,312.5,0.0231747562015647,0,1
137_CreditCard_id_1_Finance_tr_500_1st_541.csv,0.0561877006905213,284807,492,465,1.05806451612903,0.00172748563062,1,1
138_CATSv2_id_1_Sensor_tr_16568_1st_16668.csv,0.1116317709033586,100000,2000,3,666.666666666667,0.02,0,1
139_CATSv2_id_2_Sensor_tr_5592_1st_5692.csv,0.0623099059162158,195000,6600,10,660.0,0.0338461538461538,0,1
141_CATSv2_id_4_Sensor_tr_41727_1st_41827.csv,0.1196189193508109,195000,5900,11,536.363636363636,0.0302564102564102,0,1
142_CATSv2_id_5_Sensor_tr_30704_1st_30804.csv,0.1302943758992635,350000,17100,13,1315.38461538462,0.0488571428571428,0,1
143_CATSv2_id_6_Sensor_tr_50000_1st_60232.csv,0.1694232171303347,200000,4000,7,571.428571428571,0.02,0,1
144_SMAP_id_1_Sensor_tr_2052_1st_5300.csv,0.8014266788959503,8209,1121,1,1121.0,0.136557436959435,0,1
145_SMAP_id_2_Sensor_tr_2133_1st_5400.csv,0.146216260513874,8532,623,1,623.0,0.0730192217533989,0,1
146_SMAP_id_3_Sensor_tr_2128_1st_5000.csv,0.7057616289215859,8514,295,2,147.5,0.0346488137185811,0,1
147_SMAP_id_4_Sensor_tr_2160_1st_6449.csv,0.136454303382021,8640,121,1,121.0,0.0140046296296296,0,1
148_SMAP_id_5_Sensor_tr_2011_1st_5060.csv,0.9877893532079364,8044,71,1,71.0,0.0088264545002486,0,1
150_SMAP_id_7_Sensor_tr_2077_1st_5394.csv,0.7836708229722328,8310,281,1,281.0,0.0338146811070998,0,1
151_SMAP_id_8_Sensor_tr_1971_1st_4870.csv,0.824505250132273,7884,81,1,81.0,0.0102739726027397,0,1
152_SMAP_id_9_Sensor_tr_2073_1st_5600.csv,0.0875885276631875,8294,321,1,321.0,0.0387026766337111,0,1
153_SMAP_id_10_Sensor_tr_1840_1st_4030.csv,0.8976613070283617,7361,41,1,41.0,0.0055698953946474,0,1
154_SMAP_id_11_Sensor_tr_2117_1st_4770.csv,0.5731553981701533,8469,121,1,121.0,0.0142874011099303,0,1
155_SMAP_id_12_Sensor_tr_1907_1st_4800.csv,0.8664087653160095,7628,51,1,51.0,0.0066858940744625,0,1
156_SMAP_id_13_Sensor_tr_1173_1st_2750.csv,0.1078411644058568,4693,51,1,51.0,0.0108672490943959,0,1
157_SMAP_id_14_Sensor_tr_2126_1st_5000.csv,0.8446490060199392,8505,322,2,161.0,0.0378600823045267,0,1
158_SMAP_id_15_Sensor_tr_2075_1st_5610.csv,0.9391136357978898,8300,66,1,66.0,0.0079518072289156,0,1
159_SMAP_id_16_Sensor_tr_1757_1st_2650.csv,0.9502497841330136,7029,268,3,89.3333333333333,0.0381277564376155,0,1
160_SMAP_id_17_Sensor_tr_1832_1st_5300.csv,0.9953188437318043,7331,448,1,448.0,0.0611103532942299,0,1
161_SMAP_id_18_Sensor_tr_2075_1st_5550.csv,0.1114625053273307,8302,351,1,351.0,0.042278968923151,0,1
162_SMAP_id_19_Sensor_tr_1908_1st_4690.csv,0.9847969284111804,7632,31,1,31.0,0.0040618448637316,0,1
163_SMAP_id_20_Sensor_tr_2051_1st_4575.csv,0.45673361452336,8205,186,1,186.0,0.0226691042047532,0,1
165_SMAP_id_22_Sensor_tr_2129_1st_5000.csv,0.927255290325242,8516,508,2,254.0,0.059652418976045,0,1
166_SMAP_id_23_Sensor_tr_1113_1st_1890.csv,0.9646789857319422,4453,41,1,41.0,0.0092072759937121,0,1
167_SMAP_id_24_Sensor_tr_2094_1st_5600.csv,0.9870496813266996,8376,41,1,41.0,0.0048949379178605,0,1
168_SMAP_id_25_Sensor_tr_1998_1st_2098.csv,0.9872433638572692,8579,184,2,92.0,0.0214477211796246,0,1
169_SMAP_id_26_Sensor_tr_1811_1st_4510.csv,0.9952023776750716,7244,81,1,81.0,0.0111816675869685,0,1
170_SMAP_id_27_Sensor_tr_2160_1st_4690.csv,0.993643249784197,8640,85,1,85.0,0.0098379629629629,0,1
171_SWaT_id_1_Sensor_tr_3749_1st_9522.csv,0.3962344425538229,14996,1986,6,331.0,0.132435316084289,0,1
172_SWaT_id_2_Sensor_tr_23700_1st_23800.csv,0.5109725802663773,399919,50118,27,1856.22222222222,0.125320377376419,0,1
173_GECCO_id_1_Sensor_tr_16165_1st_16265.csv,0.0679530612482079,138521,1726,51,33.843137254902,0.0124602045899177,0,1
174_Exathlon_id_1_Facility_tr_10766_1st_12590.csv,0.995384347054266,43066,5437,3,1812.33333333333,0.126248084335671,0,1
175_Exathlon_id_2_Facility_tr_10684_1st_10784.csv,0.738964779810472,46656,3787,4,946.75,0.0811685528120713,0,1
176_Exathlon_id_3_Facility_tr_10766_1st_12590.csv,0.9998335029397692,43066,5437,3,1812.33333333333,0.126248084335671,0,1
177_Exathlon_id_4_Facility_tr_11665_1st_13484.csv,0.9953469123159135,46660,2928,3,976.0,0.0627518216888126,0,1
179_Exathlon_id_6_Facility_tr_11665_1st_13484.csv,0.998498101556112,46660,2928,3,976.0,0.0627518216888126,0,1
180_Exathlon_id_7_Facility_tr_10766_1st_12590.csv,0.9998365408844416,43066,5437,3,1812.33333333333,0.126248084335671,0,1
181_Exathlon_id_8_Facility_tr_11663_1st_13482.csv,0.6933002959598195,46655,2948,3,982.666666666667,0.063187225377773,0,1
182_Exathlon_id_9_Facility_tr_10766_1st_12590.csv,0.999834667595606,43066,5437,3,1812.33333333333,0.126248084335671,0,1
183_Exathlon_id_10_Facility_tr_11665_1st_13484.csv,0.9953366709606988,46660,2928,3,976.0,0.0627518216888126,0,1
184_Exathlon_id_11_Facility_tr_11665_1st_13484.csv,0.9953469123159135,46660,2928,3,976.0,0.0627518216888126,0,1
185_Exathlon_id_12_Facility_tr_11665_1st_13484.csv,0.9953879799161638,46660,2928,3,976.0,0.0627518216888126,0,1
186_Exathlon_id_13_Facility_tr_10766_1st_12590.csv,0.9998365408844416,43066,5437,3,1812.33333333333,0.126248084335671,0,1
187_Exathlon_id_14_Facility_tr_6193_1st_6293.csv,0.9986072887503912,46660,5817,6,969.5,0.124667809687098,0,1
188_Exathlon_id_15_Facility_tr_12538_1st_12638.csv,0.8094301001420097,129197,16105,9,1789.44444444444,0.12465459724297,0,1
189_Exathlon_id_16_Facility_tr_11663_1st_13482.csv,0.6934328675270081,46655,2948,3,982.666666666667,0.063187225377773,0,1
190_Exathlon_id_17_Facility_tr_12538_1st_12638.csv,0.8089806636174519,129197,16105,9,1789.44444444444,0.12465459724297,0,1
191_Exathlon_id_18_Facility_tr_11665_1st_13484.csv,0.9953965140240532,46660,2928,3,976.0,0.0627518216888126,0,1
192_Exathlon_id_19_Facility_tr_11665_1st_13484.csv,0.9953452029398508,46660,2928,3,976.0,0.0627518216888126,0,1
193_Exathlon_id_20_Facility_tr_8898_1st_8998.csv,0.9863932728767396,46650,3891,4,972.75,0.0834083601286173,0,1
194_Exathlon_id_21_Facility_tr_6985_1st_7085.csv,0.9559993199885836,46649,4856,5,971.2,0.104096550837103,0,1
196_Exathlon_id_23_Facility_tr_11665_1st_13484.csv,0.9954428864376884,46660,2928,3,976.0,0.0627518216888126,0,1
197_Exathlon_id_24_Facility_tr_10766_1st_12590.csv,0.9998365408844416,43066,5437,3,1812.33333333333,0.126248084335671,0,1
198_Exathlon_id_25_Facility_tr_12538_1st_12638.csv,0.807910495807254,129197,16105,9,1789.44444444444,0.12465459724297,0,1
199_Exathlon_id_26_Facility_tr_12538_1st_12638.csv,0.8097027492901635,129197,16105,9,1789.44444444444,0.12465459724297,0,1
200_Exathlon_id_27_Facility_tr_10766_1st_12590.csv,0.9998365408844416,43066,5437,3,1812.33333333333,0.126248084335671,0,1
