file,Time,AUC-PR,AUC-ROC,VUS-PR,VUS-ROC,Standard-F1,PA-F1,Event-based-F1,R-based-F1,Affiliation-F
001_Genesis_id_1_Sensor_tr_4055_1st_15538.csv,24.176672220230103,0.753396045314166,0.9993741496598639,0.9533074256689139,0.9999001372008491,0.8035664859997885,0.4672897196261682,0.4672897196261678,0.25482807348092323,0.9685614814463506
002_MSL_id_1_Sensor_tr_500_1st_900.csv,5.551568031311035,1.0,1.0,0.9965244752087858,0.9999856381580462,0.9999950000249999,1.0,0.9999999999999996,1.0,0.9999999999999996
003_MSL_id_2_Sensor_tr_883_1st_1238.csv,8.054548025131226,0.6892328098705056,0.9149716974625861,0.7209592687367938,0.9341099581646132,0.6649302350156873,0.991304347826087,0.9811320754716976,0.7348668412600742,0.9919334933557954
005_MSL_id_4_Sensor_tr_855_1st_2700.csv,7.9341490268707275,0.09418506467324382,0.8898836168307968,0.10410267590401576,0.9066281229111205,0.19854436836098002,0.5298507462686567,0.2129032258064514,0.29043683589138136,0.8022202060627056
006_MSL_id_5_Sensor_tr_1150_1st_1250.csv,9.9168221950531,0.6529535861087906,0.8495165431032414,0.6432936060197232,0.8589482454151005,0.6347776410832987,0.9871645274212368,0.9523809523809518,0.5861542703334868,0.9429180729143022
007_MSL_id_6_Sensor_tr_980_1st_3550.csv,8.919201850891113,0.629487629761122,0.8624374584007265,0.6273802327127891,0.8912066405248382,0.6581150803883324,1.0,0.9999999999999996,0.5465465465465466,0.9950206838679401
008_MSL_id_7_Sensor_tr_656_1st_1630.csv,6.68875527381897,0.9806593875184343,0.995887273040831,0.9991783038535037,0.9998712087127957,0.96551224354549,1.0,0.9999999999999996,0.9652840355921842,0.9991101621527914
009_MSL_id_8_Sensor_tr_714_1st_1390.csv,7.048433065414429,0.006607983719201672,0.4406315612664819,0.015038785665939275,0.5810849284363981,0.021852021120228146,0.028493894165535955,0.021806853582554492,0.009978617248752675,0.6833444924579487
010_MSL_id_9_Sensor_tr_554_1st_1172.csv,6.175465106964111,0.06313950079176622,0.5652848622243812,0.07260898201004103,0.6299746093197036,0.1729682958167577,0.7796610169491526,0.24137931034482737,0.242152466367713,0.7065441275747195
012_MSL_id_11_Sensor_tr_539_1st_940.csv,5.935232162475586,0.411509321233999,0.8627978126279781,0.5011716370461006,0.9294942881723725,0.3905277350825094,0.9901960784313726,0.9523809523809518,0.3935799023028611,0.9829724087445282
013_MSL_id_12_Sensor_tr_554_1st_1200.csv,5.998024225234985,0.9957734573119189,0.9999473610331274,0.9986108937140966,0.9999902821586164,0.9629579698475638,1.0,0.9999999999999996,0.9682539682539683,0.999965317518121
014_MSL_id_13_Sensor_tr_1525_1st_4575.csv,11.473520994186401,0.08700669909083995,0.8462848827495313,0.10395214747881423,0.8596144904872417,0.20462240391304126,0.21560452650387135,0.20474262579525715,0.20086400202003013,0.8774350243690531
015_MSL_id_14_Sensor_tr_575_1st_1250.csv,6.1835291385650635,0.1647939336377728,0.591337234194377,0.16781467131931677,0.596487812242206,0.3284625115058559,0.7525,0.3974151857835214,0.3016658337497918,0.7767234507226177
016_MSL_id_15_Sensor_tr_500_1st_780.csv,5.3793370723724365,0.7599504365454731,0.9434433072009292,0.772284629154383,0.9494483128113496,0.6703249366352879,1.0,0.9999999999999996,0.6056197245668592,0.9814982400933348
017_MSL_id_16_Sensor_tr_512_1st_1850.csv,5.796676158905029,0.9467746363651351,0.9746412388940812,0.9874059616686072,0.9943100286431468,0.9657092916176633,1.0,0.9999999999999996,0.9657142857142856,0.9997936851473528
018_Daphnet_id_1_HumanActivity_tr_9693_1st_20732.csv,45.35002017021179,1.0,0.9346621391316375,0.4991351429742808,0.9351032169012423,0.9999950000249999,0.7400881057268722,0.7280960253000786,0.5828594979694613,0.9140269345979812
019_MITDB_id_1_Medical_tr_37500_1st_103211.csv,3.7433300018310547,0.5275594940153023,0.8717419360036585,0.5306084882440033,0.8727560700923933,0.652966790480215,0.9707117335628407,0.885116279069767,0.3814618019702818,0.958281574335491
020_MITDB_id_2_Medical_tr_50000_1st_52315.csv,13.75650405883789,0.05717185014494922,0.639523647164403,0.030221742731303482,0.5871312754341808,0.17784785190381583,0.17920317407836006,0.17677756033920386,0.13681144460397685,0.8764533320754495
021_MITDB_id_3_Medical_tr_50000_1st_57595.csv,11.291115045547485,0.4375561310059607,0.9568738924457338,0.5272423076389703,0.9697232961908694,0.6306343723674478,0.7021795773191613,0.6574108113604539,0.5658725024376107,0.90544332289807
022_MITDB_id_4_Medical_tr_50000_1st_54253.csv,6.730953931808472,0.29403881967736856,0.7730543858853723,0.19726982734539936,0.7061260387702551,0.4104687671585816,0.5249077944430784,0.4737458801279982,0.38719303444477615,0.8161552282663429
024_MITDB_id_6_Medical_tr_50000_1st_58118.csv,4.9885289669036865,0.02436644318217271,0.9253072111370052,0.029232519536470877,0.9312848703613763,0.07546847636229104,0.3467583497053045,0.09028727770177829,0.06442793744215299,0.983222438208769
025_MITDB_id_7_Medical_tr_37500_1st_88864.csv,4.185518741607666,0.5840338217846445,0.957299863588311,0.682582138306782,0.9869539784764907,0.667049890382202,0.8960953011250827,0.7864016855532139,0.6026928532003707,0.9371373428954921
026_MITDB_id_8_Medical_tr_30495_1st_30595.csv,8.991257905960083,0.5515289976233968,0.8626363413780379,0.4878740469269417,0.8269092204206119,0.6192886898781089,0.7369163600312673,0.6815184366800161,0.6052870525730865,0.8554789226720632
027_MITDB_id_9_Medical_tr_25000_1st_52255.csv,2.59106707572937,0.37619461337966986,0.9935018630670804,0.4201840456831147,0.9937552932348594,0.5467131990726507,0.5467171717171717,0.5467171717171713,0.40129749768303985,0.9520270088730421
029_MITDB_id_11_Medical_tr_50000_1st_518037.csv,13.48881196975708,0.12737791347671834,0.988554320577876,0.15403654738858352,0.988346526569945,0.2699493470906116,0.3132370770417723,0.2780462246026661,0.2756460774054154,0.8677071518370686
030_MITDB_id_12_Medical_tr_50000_1st_84572.csv,14.016334056854248,0.7063564337941628,0.9849120128917506,0.7397988091677327,0.9872922166857286,0.7627483782304444,0.7784600270170698,0.7682246178437067,0.7553735419795203,0.9440421583450483
031_MITDB_id_13_Medical_tr_50000_1st_79433.csv,10.19253396987915,0.41217323956193225,0.9413457357493522,0.488695677681382,0.9582656764421806,0.6306873377811812,0.6674620929654487,0.6533798512326114,0.6209974159150209,0.9076313084334896
032_GHL_id_1_Sensor_tr_50000_1st_65001.csv,4.431344270706177,0.8486581722710755,0.9984319261300453,0.8027831883309177,0.9976929868540897,0.8513526806804166,0.8513575701794753,0.8513575701794749,0.7017142857142856,0.9977718222823013
033_GHL_id_2_Sensor_tr_50000_1st_51001.csv,4.622622966766357,0.9958504365755745,0.9999781934193592,0.9987344240064839,0.9999928109579904,0.9970260392054499,0.9970310391363023,0.9970310391363018,0.7984282907662082,0.9997890577598602
034_GHL_id_3_Sensor_tr_50000_1st_122001.csv,4.312348127365112,0.7770708842857658,0.9985708830961458,0.820139757114745,0.9984637573029554,0.9112011173215526,0.9112060778727445,0.9112060778727439,0.7273022575929835,0.9991225124313895
035_GHL_id_4_Sensor_tr_50000_1st_90001.csv,5.447082996368408,0.8616948368479516,0.9981666594375426,0.8438419004907743,0.9982150067255693,0.9078083267753412,0.9078132842563159,0.9078132842563154,0.7962406743532604,0.9990215955479445
036_GHL_id_5_Sensor_tr_50000_1st_67147.csv,4.542363166809082,0.9993016114733871,0.999996118657376,0.9994452015157267,0.9999955304744637,0.9997760379056917,0.9997810378804467,0.9997810378804461,0.8,0.9997647629378162
037_GHL_id_6_Sensor_tr_50000_1st_80001.csv,4.755367994308472,0.9063556347663817,0.9992904574709001,0.3327401776352228,0.6738400553012097,0.9187542649326298,0.9187592319054653,0.9187592319054648,0.748965873836608,0.9988988322951228
038_GHL_id_7_Sensor_tr_50000_1st_100001.csv,4.357919931411743,0.550480220779408,0.7857297683056907,0.2917106357308097,0.6455095434311608,0.7156526288327687,0.7156573116691285,0.6567265333785153,0.48914689550731955,0.6663530654823929
039_GHL_id_8_Sensor_tr_50000_1st_63030.csv,4.426496982574463,0.9991445680068435,0.9999974853268824,0.9991445680068417,0.9999974853268839,0.9995671010100937,0.9995721009841677,0.9995721009841672,0.6666666666666666,0.9997278421952175
041_GHL_id_10_Sensor_tr_50000_1st_57001.csv,4.6955530643463135,0.8756938024494986,0.999154013500296,0.799306063083932,0.9981618688307955,0.826295810358659,0.9246813441483198,0.8195272807598847,0.5664031257009188,0.9976720653328832
042_GHL_id_11_Sensor_tr_50000_1st_150001.csv,4.624737024307251,0.48399104567034923,0.7973111774225621,0.2581416474561354,0.6515258484321004,0.685518001605197,0.685522887979159,0.6174991619175322,0.44687045123726343,0.666150473002752
043_GHL_id_12_Sensor_tr_39938_1st_40038.csv,4.341693162918091,0.9990494296577946,0.9999974868057301,0.9990494296577915,0.999997486805728,0.9995194888516297,0.9995244888254874,0.9995244888254868,0.6666666666666666,0.9998071738652399
044_GHL_id_13_Sensor_tr_50000_1st_145001.csv,4.859365224838257,0.887581843121132,0.9990696744790442,0.7747437568396466,0.997877559400799,0.8984401439168943,0.8984450923226434,0.8984450923226428,0.7350382967674932,0.9991946132620521
045_GHL_id_14_Sensor_tr_50000_1st_85076.csv,4.458441972732544,0.9991064406795109,0.9999961844708505,0.9992911649891597,0.9999955699128693,0.9997127533418038,0.9997177533163986,0.999717753316398,0.8,0.999829206793098
046_GHL_id_15_Sensor_tr_50000_1st_156462.csv,4.51725172996521,0.9991935483870967,0.9999974844286131,0.9991935483870974,0.9999974844286152,0.9995916115627336,0.99959661153691,0.9995966115369095,0.6666666666666666,0.9995966125457824
047_GHL_id_16_Sensor_tr_50000_1st_77001.csv,4.463514804840088,0.9629378371365092,0.9994979975722644,0.8085095909427292,0.9970867587544087,0.9341875619428232,0.9692162417374882,0.815058261129369,0.6471246584675378,0.9979575248265282
048_GHL_id_17_Sensor_tr_50000_1st_154001.csv,4.579539060592651,0.8369775287031528,0.9973751178613147,0.6112228458607935,0.8649490040517596,0.9108886459298853,0.910893606203127,0.9108936062031264,0.8367415353670801,0.9994528618320576
050_GHL_id_19_Sensor_tr_43750_1st_55001.csv,3.858236074447632,0.9097502014504432,0.9996779239900617,0.9311962932705518,0.9997544422636255,0.9527376272261797,0.9527426160337553,0.9527426160337547,0.625658077029648,0.9994269341792675
051_GHL_id_20_Sensor_tr_50000_1st_75110.csv,4.690919876098633,0.9991610738255033,0.999997485035964,0.9991610738255046,0.9999974850359628,0.9995753609155257,0.9995803608896349,0.9995803608896343,0.6666666666666666,0.9996823461856594
052_GHL_id_21_Sensor_tr_50000_1st_98001.csv,4.41028618812561,0.9492876770429581,0.999780060999245,0.9510027360234347,0.9997875526199137,0.9400168276160215,0.9994853319608852,0.9994202898550719,0.6454392755422479,0.9993985190718563
053_GHL_id_22_Sensor_tr_50000_1st_126448.csv,6.317613124847412,0.8575828914305157,0.926597526719197,0.6930797184646492,0.8413865477841627,0.9207064674987504,0.9207114361702128,0.8888175709557713,0.8000000000000002,0.8888358994001067
054_GHL_id_23_Sensor_tr_50000_1st_135001.csv,4.541131019592285,0.9464869570000625,0.9988016806374428,0.9482983611823097,0.998852610679152,0.9099499571022809,0.9099549165346655,0.909954916534665,0.7773784755059581,0.9991596874114288
055_GHL_id_24_Sensor_tr_50000_1st_118124.csv,4.367778778076172,0.999009900990099,0.9999974873361743,0.9990099009901003,0.9999974873361738,0.999499705325892,0.9995047052996533,0.9995047052996527,0.6666666666666666,0.9995047065384967
056_GHL_id_25_Sensor_tr_50000_1st_105568.csv,4.361494064331055,0.9979155699549981,0.9999834291566264,0.987187989228551,0.9998917112853332,0.9825249270858749,0.9825299255904238,0.9779160186625189,0.7561128526645768,0.9996656750848897
057_SMD_id_1_Facility_tr_4529_1st_4629.csv,3.4837939739227295,0.5476961256794495,0.9614201318671791,0.5372450171031733,0.9547999982026169,0.5435490225541757,0.8186856690419636,0.6699386503067478,0.44080307696971077,0.9125506280590886
058_SMD_id_2_Facility_tr_1087_1st_1187.csv,3.8519558906555176,0.6979361011352477,0.9851436160413671,0.8083249064171361,0.9855444943001603,0.6864881855998358,0.9402390438247012,0.7911892532595807,0.5482667660963241,0.9085866514413313
059_SMD_id_3_Facility_tr_757_1st_857.csv,2.8843462467193604,0.2560707805874389,0.9534547728722949,0.2752480621551235,0.9418050352263947,0.4082995222766127,0.5197132616487455,0.444444444444444,0.39959715880050534,0.8393313036767439
060_SMD_id_4_Facility_tr_7176_1st_10609.csv,3.995975971221924,0.029075061538063416,0.7511554968232904,0.050594584192288565,0.7550783810791135,0.10581394359560184,0.12487728254466915,0.10504659324700462,0.6248158259807329,0.9094751885982523
061_SMD_id_5_Facility_tr_7176_1st_15144.csv,4.110898971557617,0.1394830368148168,0.7742514231974275,0.1739471383709317,0.810202835322333,0.2132515672872215,0.7104664391353811,0.4170616113744071,0.49370161756584774,0.850932289579089
063_SMD_id_7_Facility_tr_5923_1st_6506.csv,4.341572284698486,0.33777685984785777,0.9141635057458178,0.30691421943668956,0.9004934433896649,0.42706814853573527,0.8528368794326241,0.48304623753399767,0.4822922854375544,0.852175204178828
064_SMD_id_8_Facility_tr_2272_1st_2372.csv,3.113191843032837,0.5343245714509648,0.9517066642319832,0.5723088586973147,0.9483484290662509,0.542621777238359,0.9008649367930806,0.6839999999999995,0.48387220586918345,0.8727352771691479
065_SMD_id_9_Facility_tr_737_1st_837.csv,3.3340959548950195,0.5242315432527673,0.9339046134545428,0.5670522573649055,0.9265020064396806,0.687356483880428,0.9074038275662092,0.66252787655958,0.5968629178568128,0.8415793477209389
066_SMD_id_10_Facility_tr_2634_1st_2734.csv,3.291515827178955,0.7262849517399715,0.9132802137403341,0.3811327895101407,0.8506411407426971,0.7035298426943004,0.8916619398752127,0.48116737340982735,0.140755287344556,0.7495129219073816
067_SMD_id_11_Facility_tr_1980_1st_2080.csv,3.6419289112091064,0.033723035103047416,0.2573994019080517,0.0322645402716942,0.2432953070813602,0.09507743878315963,0.22546552591847005,0.09500243029472838,0.5269878973781471,0.7526890752397872
068_SMD_id_12_Facility_tr_1099_1st_1199.csv,4.107126951217651,0.5724034304392224,0.9205861135215951,0.4500963588193497,0.9333674810263243,0.5888639794905646,0.7771428571428571,0.6480156148340919,0.5385975449346914,0.9892045058763288
069_SMD_id_13_Facility_tr_5925_1st_12760.csv,4.106665134429932,0.38586818331695977,0.8926522540492321,0.3962657925432371,0.8938787603718943,0.5463747612204947,0.8909176766881788,0.6202052944354398,0.5889677955777454,0.89206784930893
070_SMD_id_14_Facility_tr_1070_1st_1170.csv,3.697488307952881,0.41364748775309035,0.9553918064210506,0.3270575718706158,0.9405279793582603,0.44775654698518635,0.6845794392523364,0.5690752527143387,0.3750167170098174,0.8565490147099324
071_SMD_id_15_Facility_tr_1109_1st_1209.csv,4.618321895599365,0.5491348524724812,0.9313746006740512,0.4062651409430851,0.9380457113714264,0.5541081097037576,0.7568306010928961,0.5950069348127596,0.41907757052942174,0.967596944194099
073_SMD_id_17_Facility_tr_5926_1st_10620.csv,3.790132999420166,0.36259667100923854,0.947066847411675,0.2535967440599351,0.9483977162499003,0.5027272836345281,0.35294117647058826,0.3478260869565213,0.25448491400465933,0.8284318695331294
074_SMD_id_18_Facility_tr_7174_1st_21230.csv,4.555393218994141,0.2860404710792461,0.950041682882584,0.5174269430118026,0.9887200410710605,0.4438452847366528,0.6700507614213198,0.4935064935064931,0.2962370199444008,0.9651903307944858
075_SMD_id_19_Facility_tr_564_1st_664.csv,3.589233875274658,0.21884398933891192,0.9447293662127731,0.29476856710196137,0.9291271471384257,0.3214715605454988,0.7312295973884657,0.30035521235521195,0.2192436830860542,0.820796818277539
076_SMD_id_20_Facility_tr_5925_1st_17580.csv,4.089777708053589,0.9940249348478116,0.9999588418953624,0.9435268060108296,0.9997708970423792,0.9636313666007521,0.8029925187032418,0.8029925187032413,0.5054945054945055,0.9986001892701827
077_SMD_id_21_Facility_tr_3026_1st_3126.csv,3.300662040710449,0.2820409779132554,0.9437635509686427,0.4016712547160834,0.9543247687062328,0.39635679782841354,0.5792400370713624,0.41290839847664823,0.5631825436799459,0.8720715024331998
078_SMD_id_22_Facility_tr_500_1st_326.csv,13.465574026107788,0.5913581094953922,0.9006735957890478,0.23859842306171455,0.7319633788116742,0.6384522109375246,0.6559206447613143,0.34146341463414587,0.10675512103779476,0.7416967528753117
079_LTDB_id_1_Medical_tr_3618_1st_3718.csv,3.3131630420684814,0.9999999999999999,0.9549638139508608,0.841213888374853,0.9728908693062553,0.9999950000249999,0.7945549738219895,0.7602793317555573,0.6618472498998964,0.8522594069384986
080_LTDB_id_2_Medical_tr_500_1st_266.csv,3.9841887950897217,0.9999999999999999,0.6411342671124897,0.2840845337992362,0.642783850772697,0.9999950000249999,0.4390273047738543,0.36966473821854107,0.4888808123741245,0.7596310678252113
081_LTDB_id_3_Medical_tr_500_1st_26.csv,10.521162986755371,1.0,0.6136745943115938,0.44897461059014976,0.6267859931286226,0.9999950000249999,0.658219424221048,0.553083881819084,0.6080590366926565,0.7842132728366888
083_LTDB_id_5_Medical_tr_15502_1st_15602.csv,5.161841154098511,0.9999999999999999,0.9811724854077446,0.4119707511756718,0.9822319497437276,0.9999950000249999,0.5101914762198888,0.44903263066705124,0.38679021721325024,0.9143309928321136
084_SVDB_id_1_Medical_tr_12973_1st_13073.csv,46.32693028450012,1.0,0.8280377954718016,0.12098152294243142,0.8374512705179638,0.9999950000249999,0.36318096430807767,0.2883429641346801,0.1766254573813004,0.8068402400356237
085_SVDB_id_2_Medical_tr_50000_1st_54982.csv,14.856097936630249,0.3167230175942119,0.7867260317564271,0.18321822140900648,0.7638993021602603,0.3467134310377921,0.4192717279285469,0.3903326928910907,0.3343301280452406,0.7158801592246437
086_SVDB_id_3_Medical_tr_533_1st_633.csv,17.156656980514526,0.9999999999999999,0.694013876756704,0.1771145241184787,0.68731313561308,0.9999950000249999,0.44457988680888116,0.34329495219900413,0.2982366296933984,0.6987356431395659
087_SVDB_id_4_Medical_tr_5421_1st_5521.csv,31.06581711769104,1.0,0.9623198775166847,0.8929853396806555,0.9729326374059241,0.9999950000249999,0.930178785251249,0.9199072737414816,0.8203826436917748,0.9318362931389773
088_SVDB_id_5_Medical_tr_500_1st_168.csv,17.074640035629272,1.0,0.5654675601772701,0.16677013501092802,0.5823234763592822,0.9999950000249999,0.3112797754394769,0.2109989511679101,0.19248533423468864,0.675113363986261
089_SVDB_id_6_Medical_tr_50000_1st_83083.csv,19.736196994781494,0.8416764787993293,0.974023007353481,0.6816493833452473,0.9560230654698757,0.8156759040110305,0.9166404529726329,0.8059276822762295,0.5798347207358445,0.8988527998432249
091_SVDB_id_8_Medical_tr_500_1st_126.csv,16.35939621925354,0.9999999999999999,0.7421285184266581,0.3011211663221558,0.7180654422146997,0.9999950000249999,0.6892978381275683,0.556744873527318,0.35853729609618024,0.7429420389598289
092_SVDB_id_9_Medical_tr_2674_1st_2774.csv,29.55579113960266,0.9999999999999999,0.9825603538766133,0.8440607910190727,0.9819839657016631,0.9999950000249999,0.922138384973511,0.8831563917515753,0.6520724334729427,0.9011227965881506
093_SVDB_id_10_Medical_tr_500_1st_37.csv,17.498735189437866,1.0,0.6293071091288774,0.1527640774072749,0.6475360440574338,0.9999950000249999,0.33723479610078594,0.23488296354585936,0.5560421489536649,0.7021529458848434
094_SVDB_id_11_Medical_tr_20100_1st_23611.csv,3.6563992500305176,0.7987047922228383,0.9593165210483189,0.784625132428857,0.986982700169195,0.816755640925188,0.9346846846846847,0.9326668026933274,0.7934901906586602,0.930155497608659
095_SVDB_id_12_Medical_tr_6264_1st_6364.csv,31.832051992416382,1.0,0.7424150578702943,0.1490455826682191,0.7467799418910274,0.9999950000249999,0.4435118348161826,0.38117770767612985,0.24373907061584665,0.7455449028330855
096_SVDB_id_13_Medical_tr_500_1st_444.csv,16.716594219207764,1.0,0.8203769037365725,0.3062596825595969,0.8290938523129764,0.9999950000249999,0.5794421811344406,0.5191318604807852,0.4028483681790848,0.7939947210180843
097_SVDB_id_14_Medical_tr_1031_1st_1131.csv,19.895421028137207,0.9999999999999999,0.9596630681121318,0.8782005824857093,0.9805375271390272,0.9999950000249999,0.9112378838584384,0.8804594136273362,0.7908721910413579,0.9653058586303888
098_SVDB_id_15_Medical_tr_500_1st_303.csv,17.03800320625305,1.0,0.684824784945331,0.19439699851986308,0.682007745680897,0.9999950000249999,0.30382046486775316,0.27564767710035537,0.253380440827971,0.7070177942078882
099_SVDB_id_16_Medical_tr_1115_1st_1215.csv,20.815547943115234,1.0,0.7949265729955489,0.4395480777081511,0.8198023822456842,0.9999950000249999,0.6884242733299337,0.619390488018206,0.4827081560176413,0.7869508439939801
100_SVDB_id_17_Medical_tr_17803_1st_17903.csv,41.64075708389282,0.9999999999999997,0.9715578574290171,0.8172041297759551,0.9717520246795867,0.9999950000249999,0.8878188443519001,0.8566875597577813,0.6909074471482022,0.8857083674825109
101_SVDB_id_18_Medical_tr_1851_1st_1951.csv,21.112523078918457,0.5070912273218017,0.8877638012481024,0.555224289935723,0.9134929627104367,0.59828805956236,0.7985072205094921,0.7506258452507691,0.6436924351942557,0.893152316453263
102_SVDB_id_19_Medical_tr_50000_1st_107354.csv,16.574220180511475,0.6173839778523611,0.8646922061554677,0.490657814034231,0.8415826154389617,0.6321535707596573,0.9466542217116599,0.7390767421346658,0.42985326215642483,0.8892836060042637
103_SVDB_id_20_Medical_tr_12167_1st_12267.csv,46.43675398826599,1.0,0.7853096632842972,0.2097594618532817,0.7973919232563396,0.9999950000249999,0.44170444242973705,0.44014749814036136,0.3738240878127561,0.7523922982827953
104_SVDB_id_21_Medical_tr_50000_1st_106634.csv,14.121129989624023,0.7849066450881982,0.9441029826581242,0.7308129723179878,0.9650160434681608,0.8401621403829453,0.9069699620880723,0.8367362662762919,0.6868309069862994,0.9483789625246917
105_SVDB_id_22_Medical_tr_500_1st_417.csv,12.698466062545776,0.9999999999999999,0.8814083467290516,0.5119800813950836,0.8907622782903218,0.9999950000249999,0.7396085871894874,0.658174858395215,0.5125658955249266,0.8271546676031691
106_SVDB_id_23_Medical_tr_37500_1st_121963.csv,8.258036851882935,0.40107163918784045,0.975521052351275,0.40418859411218755,0.9856071776739559,0.6225445883437293,0.6112115732368897,0.5962441314553986,0.13288158003470787,0.8650578776169078
108_SVDB_id_25_Medical_tr_1238_1st_1338.csv,20.947265148162842,1.0,0.9408533316279513,0.5262201044403996,0.9561735547138062,0.9999950000249999,0.7744885306881587,0.6419700906231737,0.6035504659012,0.9052902209323999
109_SVDB_id_26_Medical_tr_1038_1st_1138.csv,18.63127112388611,1.0,0.6350709842217714,0.25516064434574226,0.6488036721315696,0.9999950000249999,0.5518725785622041,0.46374690414034175,0.3314776180834172,0.6943244592775
110_SVDB_id_27_Medical_tr_30824_1st_30924.csv,13.560023069381714,0.8572490894376814,0.9597315511892154,0.9083434849090871,0.993107298878707,0.7746087147766809,0.9243091220347274,0.9001120048874853,0.7921411958216096,0.9589518909156567
111_SVDB_id_28_Medical_tr_1791_1st_1891.csv,20.2191219329834,1.0,0.9698870751114215,0.7504698210386124,0.9680740121050766,0.9999950000249999,0.8901115629689232,0.8661286094552857,0.7813604193381101,0.9596274148023407
112_SVDB_id_29_Medical_tr_8226_1st_8326.csv,43.728193044662476,1.0,0.6165334161728914,0.021248238725969672,0.5823246562957161,0.9999950000249999,0.13316943249334154,0.09761080528914332,0.10845301081919687,0.6676052755718631
114_SVDB_id_31_Medical_tr_25000_1st_63090.csv,4.26718807220459,0.010934951392034513,0.7359347385075253,0.012091031392131494,0.755137569614171,0.027925515514852648,0.12041187159297395,0.016604516991486646,0.02278808133604065,0.7927868905778632
115_PSM_id_1_Facility_tr_50000_1st_129872.csv,109.67477226257324,0.9999999999999999,0.6011995186416178,0.15649942955677526,0.5643338152347683,0.9999950000249999,0.5813375250071449,0.26112984980752413,0.326792058318007,0.7399998145571559
116_TAO_id_1_Environment_tr_500_1st_3.csv,4.721264839172363,0.9782710662455839,0.9987780935865732,0.9958168562924745,0.9998134211148935,0.954768869984007,0.9528585757271816,0.951841931253992,0.9608682600549445,0.9776794699759894
117_TAO_id_2_Environment_tr_500_1st_1.csv,4.724122047424316,0.9918070573844263,0.9986642757919773,0.9953189594047253,0.9993171166605946,0.9519753740030443,0.953257790368272,0.9502826584991282,0.9560437738066765,0.9840872802673953
118_TAO_id_3_Environment_tr_500_1st_7.csv,4.63850998878479,0.9968842289189552,0.9997785368611176,0.9949405550340877,0.9998112144871041,0.9887590450160549,0.9758551307847082,0.9756858868896268,0.9820273179523825,0.9931290164299651
119_TAO_id_4_Environment_tr_500_1st_1.csv,4.560477018356323,1.0,1.0,0.9999298651359254,0.999996265000864,0.9999950000249999,0.9827771797631862,0.9809069212410495,0.9799331103678929,0.9945310104159665
121_TAO_id_6_Environment_tr_500_1st_7.csv,4.72632908821106,0.9989037223038619,0.9998167656762622,0.9995399424572851,0.9999365356725659,0.9828920345298361,0.9746121297602257,0.972997978601654,0.9724189633790025,0.9912711637196107
122_TAO_id_7_Environment_tr_500_1st_19.csv,4.6044957637786865,0.9980455500854946,0.9997479401712748,0.999493887910604,0.9999538270947252,0.9925561055090965,0.9806451612903225,0.9785714285714281,0.977760127084988,0.9884609674314094
123_TAO_id_8_Environment_tr_500_1st_62.csv,4.6322550773620605,0.9727796252324759,0.9988622507490561,0.9930965356140287,0.9997286914467176,0.9575468336957286,0.9354838709677419,0.9343022936535534,0.9467723260999067,0.9830760680543944
124_TAO_id_9_Environment_tr_500_1st_1.csv,4.564540147781372,1.0,1.0,0.9999662245507676,0.9999990712864928,0.9999950000249999,0.9777327935222672,0.9777327935222666,0.9923830250272035,0.9976627932863866
125_TAO_id_10_Environment_tr_500_1st_9.csv,4.6403419971466064,0.9999910793237682,0.9999990633142214,0.9999594661982674,0.9999978421701622,0.9994644960476405,0.9843834141087776,0.9827688651218058,0.9814778090667512,0.9914681245787591
127_TAO_id_12_Environment_tr_500_1st_24.csv,4.6176557540893555,0.986899696537492,0.9988311456138166,0.9770682163856197,0.998421265411395,0.9767882516634804,0.9495967741935484,0.9486038059756003,0.9755751150296661,0.9817496759829327
128_TAO_id_13_Environment_tr_500_1st_7.csv,4.6028900146484375,0.9989037223038619,0.9998167656762622,0.9995399424572851,0.9999365356725659,0.9828920345298361,0.9746121297602257,0.972997978601654,0.9724189633790025,0.9912711637196107
129_OPPORTUNITY_id_1_HumanActivity_tr_1801_1st_1901.csv,53.25899815559387,0.19201599770914152,0.7928176376831685,0.14252931721559187,0.7427616401476675,0.48150708549704313,0.4899665551839465,0.540092165898617,0.05861172234446889,0.6830406528798919
130_OPPORTUNITY_id_2_HumanActivity_tr_1045_1st_1145.csv,23.197806119918823,0.5390974579908978,0.9603574165942381,0.5544542930956612,0.9621121727900734,0.7574703271371775,0.9760665972944849,0.7658495350803037,0.19902766839294,0.8514675941543643
132_OPPORTUNITY_id_4_HumanActivity_tr_895_1st_995.csv,27.90123414993286,0.4040550521963584,0.9662794253307742,0.41310193566987274,0.9665258437560601,0.6340281439779835,0.919202518363064,0.6523605150214588,0.25679598498238915,0.7393475916205062
133_OPPORTUNITY_id_5_HumanActivity_tr_1745_1st_6500.csv,31.021840810775757,1.0,1.0,0.9996982592464037,0.9999882779865275,0.9999950000249999,1.0,0.9999999999999996,0.9856262833675565,0.9995148973109719
134_OPPORTUNITY_id_6_HumanActivity_tr_1477_1st_1577.csv,41.09501576423645,0.3896065624414032,0.9791863059545391,0.39260694148506403,0.9793385533002764,0.5487391288482678,0.8776266996291718,0.6169772256728774,0.1540685467538211,0.7433712790956418
135_OPPORTUNITY_id_7_HumanActivity_tr_2085_1st_2185.csv,50.63236999511719,0.6943554438796612,0.9528236050413008,0.7149422963751523,0.9527575846870612,0.8198708597023466,0.8656084656084656,0.8306666666666662,0.21501787497877453,0.8117068496754415
136_OPPORTUNITY_id_8_HumanActivity_tr_1495_1st_1595.csv,39.48147201538086,0.5665920320541681,0.9889842696629213,0.5940862421397919,0.9899819810463204,0.6771523272203809,0.919793966151582,0.7505720823798621,0.2431116942568858,0.9885615307868777
137_CreditCard_id_1_Finance_tr_500_1st_541.csv,41.990971088409424,1.0,0.951124232554954,0.15719332077744147,0.9719113679000462,0.9999950000249999,0.3104166666666667,0.29674262577054106,0.28115942028985513,0.7727571538342787
138_CATSv2_id_1_Sensor_tr_16568_1st_16668.csv,7.2115819454193115,0.9055785549129715,0.9918351301020408,0.9346829272817854,0.9974741654080513,0.9056277755548111,0.9876543209876543,0.9730569948186523,0.705575710011571,0.9989727018823632
139_CATSv2_id_2_Sensor_tr_5592_1st_5692.csv,13.171635389328003,0.920632344805146,0.9876522872032427,0.9515621192103577,0.9965050051079535,0.9042988077146836,0.9646302250803859,0.9574991218826829,0.6628410326048652,0.9940797917595278
141_CATSv2_id_4_Sensor_tr_41727_1st_41827.csv,15.199927806854248,1.0,0.9557352741352884,0.8842368855597694,0.9710476805926637,0.9999950000249999,0.9669753339342785,0.9494163424124508,0.7161904228152137,0.9961598520807032
142_CATSv2_id_5_Sensor_tr_30704_1st_30804.csv,25.894105195999146,1.0,0.9620174915108941,0.9337516023124397,0.9803077047706057,0.9999950000249999,0.9878968196655016,0.981150749021548,0.6966505100332071,0.9982024544013447
143_CATSv2_id_6_Sensor_tr_50000_1st_60232.csv,13.502387285232544,0.9999999999999999,0.9976235529336736,0.9743151856687937,0.9996177970531799,0.9999950000249999,0.9724079251245897,0.9649042145593865,0.8789892949526545,0.9979354434647019
144_SMAP_id_1_Sensor_tr_2052_1st_5300.csv,9.000144004821777,0.9948659921467682,0.9991947793307733,0.9955461353987263,0.9993305307428354,0.9730852814240976,1.0,0.9999999999999996,0.7138595686094539,0.9996294385938979
145_SMAP_id_2_Sensor_tr_2133_1st_5400.csv,9.239898204803467,0.7655053815916972,0.8965783946484357,0.7659519497119579,0.90216087242915,0.8110638807939148,1.0,0.9999999999999996,0.6950146627565983,0.9971038205795146
146_SMAP_id_3_Sensor_tr_2128_1st_5000.csv,18.23381233215332,0.7160633519925139,0.981525238131572,0.6520315019524936,0.9804161563857166,0.7427417148054781,0.8792792792792793,0.622807017543859,0.37465130564625176,0.9357551695009225
147_SMAP_id_4_Sensor_tr_2160_1st_6449.csv,9.622806072235107,0.023716297136049776,0.7202927049793412,0.0290550603002249,0.7436881039060579,0.07034146793612119,0.11702127659574468,0.07012002526847749,0.16767980304483987,0.7540254996886799
148_SMAP_id_5_Sensor_tr_2011_1st_5060.csv,16.902435779571533,0.012310227423737045,0.6421690812124724,0.015436038286302004,0.6433378262292543,0.046480724391222306,0.0478597910347152,0.04614884627884298,0.5763750053171126,0.8210317830839178
150_SMAP_id_7_Sensor_tr_2077_1st_5394.csv,8.96748685836792,0.9724283334469297,0.9989597318262224,0.9848069399924861,0.9995018144297872,0.9159752581495562,1.0,0.9999999999999996,0.6965875674164441,0.9992881781431686
151_SMAP_id_8_Sensor_tr_1971_1st_4870.csv,16.85758328437805,0.8886723454574955,0.9989794998125127,0.8381771277031733,0.9988753407191466,0.8901049505164834,0.9,0.8732394366197178,0.7932335212910752,0.9983034018701291
152_SMAP_id_9_Sensor_tr_2073_1st_5600.csv,9.005529880523682,0.08542363286263306,0.7792987469782167,0.12169827485280474,0.8182256428737981,0.19941840254327034,0.7246049661399548,0.22493887530562326,0.196387868929111,0.8610421186944912
153_SMAP_id_10_Sensor_tr_1840_1st_4030.csv,15.846105098724365,0.7132945836343171,0.9990903638544583,0.9631778719556956,0.9998612205120263,0.9010939500332416,0.7068965517241379,0.7068965517241373,0.7068965517241379,0.9980944603239412
154_SMAP_id_11_Sensor_tr_2117_1st_4770.csv,9.188447952270508,0.01062477132761906,0.3299063070483552,0.01326338570828508,0.3416848417853979,0.04035984470632479,0.043083496528395944,0.04017931263489951,0.1566733284361804,0.7452231073431537
155_SMAP_id_12_Sensor_tr_1907_1st_4800.csv,16.3600971698761,0.9605398667841787,0.9997463945324732,0.9280869702276977,0.9996893380741109,0.932033835449572,0.7906976744186046,0.7906976744186042,0.7906976744186047,0.9985238349320906
156_SMAP_id_13_Sensor_tr_1173_1st_2750.csv,5.4381632804870605,0.19767529188411018,0.9385322418497773,0.5965979120639496,0.9782936421783934,0.474221817461301,0.8031496062992126,0.6478873239436614,0.34582829504232165,0.9914536425295819
157_SMAP_id_14_Sensor_tr_2126_1st_5000.csv,18.370880126953125,0.5681443642370279,0.9751955083368565,0.6816764908923181,0.9836171112630209,0.6695142009283946,0.9742813918305597,0.8903225806451607,0.6004214551375356,0.978311968235832
158_SMAP_id_15_Sensor_tr_2075_1st_5610.csv,9.260567665100098,0.9595973587404543,0.9995638925077837,0.9737957644751547,0.9998459114150162,0.8999950163541272,0.8627450980392157,0.8571428571428567,0.6449058425881217,0.9986251979264101
159_SMAP_id_16_Sensor_tr_1757_1st_2650.csv,8.045953035354614,0.9430887681820732,0.9975048952839707,0.9060634277788093,0.9963980526438934,0.8798596795409801,0.8948453608247423,0.8752475247524747,0.8370864691586667,0.9934419918741385
160_SMAP_id_17_Sensor_tr_1832_1st_5300.csv,7.936394929885864,0.9710245772936842,0.9950765083746705,0.9708212817329361,0.9953163770396661,0.9460340397368645,1.0,0.9999999999999996,0.9021215145787764,0.9978927975336817
161_SMAP_id_18_Sensor_tr_2075_1st_5550.csv,8.921194076538086,0.2753711165509394,0.9463609193202954,0.3179296045093947,0.9518608357268069,0.510124538614892,0.8288075560802833,0.5368217054263562,0.40970447477958544,0.9661236293967249
162_SMAP_id_19_Sensor_tr_1908_1st_4690.csv,8.672554016113281,0.23481480689331985,0.9936850414419155,0.5081891136528601,0.9966234995154936,0.5636323157315507,0.5636363636363636,0.5555555555555551,0.5514974433893354,0.9968027535233115
163_SMAP_id_20_Sensor_tr_2051_1st_4575.csv,9.194030046463013,0.9513420697936319,0.9986919507031016,0.9743015079907544,0.9994836935745774,0.8563168628905901,1.0,0.9999999999999996,0.8467623996126759,0.998348642089267
165_SMAP_id_22_Sensor_tr_2129_1st_5000.csv,18.396187782287598,0.7627560223731964,0.9824474246226215,0.8973520107352506,0.9913576059144315,0.885901043647287,0.9648622981956315,0.9240374609781471,0.7987347461783241,0.9940095375570196
166_SMAP_id_23_Sensor_tr_1113_1st_1890.csv,5.127212047576904,0.3812266921564803,0.9933551511399067,0.4637364372810889,0.9937214666562361,0.7130388900106208,0.7387387387387387,0.6259541984732819,0.6259541984732825,0.9955211124283485
167_SMAP_id_24_Sensor_tr_2094_1st_5600.csv,17.84362292289734,0.11791844941371606,0.9819684843519101,0.4184486289171855,0.9916381829942894,0.35042446017432416,0.351931330472103,0.277966101694915,0.19114219114219114,0.9934063471980975
168_SMAP_id_25_Sensor_tr_1998_1st_2098.csv,9.138472318649292,0.8214879973713141,0.9959914027500842,0.8875222104921476,0.9979190032994906,0.8063014528333706,0.8658823529411764,0.8154897494305233,0.8567989114117611,0.9965961322739171
169_SMAP_id_26_Sensor_tr_1811_1st_4510.csv,15.774785041809082,0.8114561714052667,0.9976094573795723,0.9367050775105136,0.9993656789966558,0.7751148701098863,0.8756756756756757,0.8159999999999995,0.7105263157894737,0.9969998212968495
170_SMAP_id_27_Sensor_tr_2160_1st_4690.csv,18.381855010986328,0.768214812952394,0.9974944133117888,0.9082105719536475,0.9991786554039152,0.8173028592186691,0.8173076923076923,0.7246376811594197,0.6151521692208074,0.9960872441331481
171_SWaT_id_1_Sensor_tr_3749_1st_9522.csv,35.52946901321411,0.3752195546925742,0.8491015122769456,0.4072215258059252,0.8667442276663266,0.5235040963461212,0.6906624934793949,0.5329420396184882,0.6118759681424091,0.8150301385387733
172_SWaT_id_2_Sensor_tr_23700_1st_23800.csv,160.58862900733948,1.0,0.8761935369938217,0.5785628200723022,0.8274042361970307,0.9999950000249999,0.865527021509055,0.6367006526310492,0.23284587230457124,0.7346676305270554
173_GECCO_id_1_Sensor_tr_16165_1st_16265.csv,54.83905792236328,1.0,0.937111900871537,0.14819505691985585,0.9096206809425148,0.9999950000249999,0.39176436945953674,0.18167505375434642,0.2361276035518949,0.7772563062267602
174_Exathlon_id_1_Facility_tr_10766_1st_12590.csv,57.56513476371765,1.0,0.9999388334281504,0.9995328455944643,0.9999535706743354,0.9999950000249999,1.0,0.9999999999999996,0.9943682116932403,0.9999872541147957
175_Exathlon_id_2_Facility_tr_10684_1st_10784.csv,43.84099769592285,1.0,0.9995631769233925,0.9957018360029303,0.9996110349525152,0.9999950000249999,1.0,0.9999999999999996,0.9094765196985409,0.9996100642797214
176_Exathlon_id_3_Facility_tr_10766_1st_12590.csv,70.47289800643921,1.0,0.9999784690147836,0.9996335602431733,0.9999680342021907,0.9999950000249999,1.0,0.9999999999999996,0.8442137396918297,0.9999634299194978
177_Exathlon_id_4_Facility_tr_11665_1st_13484.csv,58.84342384338379,1.0,0.9999221771930272,0.9985113788899904,0.9999395671483461,0.9999950000249999,1.0,0.9999999999999996,0.8862239941130705,0.999924390652467
179_Exathlon_id_6_Facility_tr_11665_1st_13484.csv,71.01082873344421,1.0,0.9991556908784704,0.9939373008595035,0.9992956221984617,0.9999950000249999,1.0,0.9999999999999996,0.8812618356931394,0.9999406921449857
180_Exathlon_id_7_Facility_tr_10766_1st_12590.csv,68.65755128860474,1.0,0.9999784690147836,0.9996335602431733,0.9999680342021907,0.9999950000249999,1.0,0.9999999999999996,0.8442137396918297,0.9999634299194978
181_Exathlon_id_8_Facility_tr_11663_1st_13482.csv,53.55446696281433,0.9999999999999999,0.9997768692774343,0.9962905732292441,0.9997981995785146,0.9999950000249999,1.0,0.9999999999999996,0.7256149661675355,0.9997256881923798
182_Exathlon_id_9_Facility_tr_10766_1st_12590.csv,69.35843682289124,1.0,0.9999784690147836,0.9996335602431733,0.9999680342021907,0.9999950000249999,1.0,0.9999999999999996,0.8442137396918297,0.9999634299194978
183_Exathlon_id_10_Facility_tr_11665_1st_13484.csv,59.192888021469116,1.0,0.9999221771930272,0.9985113788899904,0.9999395671483461,0.9999950000249999,1.0,0.9999999999999996,0.8862239941130705,0.999924390652467
184_Exathlon_id_11_Facility_tr_11665_1st_13484.csv,59.39296221733093,1.0,0.9999221771930272,0.9985113788899904,0.9999395671483461,0.9999950000249999,1.0,0.9999999999999996,0.8862239941130705,0.999924390652467
185_Exathlon_id_12_Facility_tr_11665_1st_13484.csv,59.422452211380005,1.0,0.9999221771930272,0.9985113788899904,0.9999395671483461,0.9999950000249999,1.0,0.9999999999999996,0.8862239941130705,0.999924390652467
186_Exathlon_id_13_Facility_tr_10766_1st_12590.csv,68.83972930908203,1.0,0.9999784690147836,0.9996335602431733,0.9999680342021907,0.9999950000249999,1.0,0.9999999999999996,0.8442137396918297,0.9999634299194978
187_Exathlon_id_14_Facility_tr_6193_1st_6293.csv,32.60529589653015,1.0,0.9987234058547554,0.9960800002966168,0.9994342413388225,0.9999950000249999,1.0,0.9999999999999996,0.8227290430139872,0.9997689815977123
188_Exathlon_id_15_Facility_tr_12538_1st_12638.csv,70.21039390563965,1.0000000000000002,0.9935957422295436,0.9809012058801686,0.9970285613646281,0.9999950000249999,0.9989765220357907,0.9954598370197899,0.8065375338856772,0.9979948654829277
189_Exathlon_id_16_Facility_tr_11663_1st_13482.csv,53.54654908180237,0.9999999999999999,0.9997768692774343,0.9962905732292441,0.9997981995785146,0.9999950000249999,1.0,0.9999999999999996,0.7256149661675355,0.9997256881923798
190_Exathlon_id_17_Facility_tr_12538_1st_12638.csv,69.75338816642761,1.0000000000000002,0.9935957422295436,0.9809012058801686,0.9970285613646281,0.9999950000249999,0.9989765220357907,0.9954598370197899,0.8065375338856772,0.9979948654829277
191_Exathlon_id_18_Facility_tr_11665_1st_13484.csv,59.34343695640564,1.0,0.9999221771930272,0.9985113788899904,0.9999395671483461,0.9999950000249999,1.0,0.9999999999999996,0.8862239941130705,0.999924390652467
192_Exathlon_id_19_Facility_tr_11665_1st_13484.csv,58.9256808757782,1.0,0.9999221771930272,0.9985113788899904,0.9999395671483461,0.9999950000249999,1.0,0.9999999999999996,0.8862239941130705,0.999924390652467
193_Exathlon_id_20_Facility_tr_8898_1st_8998.csv,41.01473593711853,1.0,0.9993840731220694,0.994353963544744,0.999492638478499,0.9999950000249999,1.0,0.9999999999999996,0.763690104244526,0.999687262902866
194_Exathlon_id_21_Facility_tr_6985_1st_7085.csv,32.020711183547974,1.0,0.9932404061265157,0.8987989226476832,0.9937522659764962,0.9999950000249999,0.9731462925851704,0.9631463146314626,0.5213032503583702,0.991719161222308
196_Exathlon_id_23_Facility_tr_11665_1st_13484.csv,59.23771691322327,1.0,0.9999221771930272,0.9985113788899904,0.9999395671483461,0.9999950000249999,1.0,0.9999999999999996,0.8862239941130705,0.999924390652467
197_Exathlon_id_24_Facility_tr_10766_1st_12590.csv,68.72246789932251,1.0,0.9999784690147836,0.9996335602431733,0.9999680342021907,0.9999950000249999,1.0,0.9999999999999996,0.8442137396918297,0.9999634299194978
198_Exathlon_id_25_Facility_tr_12538_1st_12638.csv,70.33377599716187,1.0000000000000002,0.9935957422295436,0.9809012058801686,0.9970285613646281,0.9999950000249999,0.9989765220357907,0.9954598370197899,0.8065375338856772,0.9979948654829277
199_Exathlon_id_26_Facility_tr_12538_1st_12638.csv,70.76949405670166,1.0000000000000002,0.9935957422295436,0.9809012058801686,0.9970285613646281,0.9999950000249999,0.9989765220357907,0.9954598370197899,0.8065375338856772,0.9979948654829277
200_Exathlon_id_27_Facility_tr_10766_1st_12590.csv,69.83727478981018,1.0,0.9999784690147836,0.9996335602431733,0.9999680342021907,0.9999950000249999,1.0,0.9999999999999996,0.8442137396918297,0.9999634299194978
