file,Time,AUC-PR,AUC-ROC,VUS-PR,VUS-ROC,Standard-F1,PA-F1,Event-based-F1,R-based-F1,Affiliation-F
001_NAB_id_1_Facility_tr_1007_1st_2014.csv,0.3867449760437011,0.1885520226865275,0.5056143002599243,0.1786448360957693,0.5112668982105246,0.1852701402537716,0.98,0.7941176470588229,0.4900205859065716,0.9535352120298874
002_NAB_id_2_WebService_tr_1500_1st_4106.csv,0.6488122940063477,0.1861591812778656,0.5914553202052203,0.1786761621690508,0.5919941859450005,0.225524063393277,0.9822667694680032,0.7676767676767672,0.2870050491629019,0.7993780835756388
005_NAB_id_5_Traffic_tr_594_1st_1645.csv,0.3071308135986328,0.1302015893588508,0.5249745858175124,0.1320108669734783,0.5308164617856261,0.1937958474733279,0.9635627530364372,0.4444444444444441,0.2485207100591716,0.7945124345911462
006_NAB_id_6_Traffic_tr_2579_1st_5839.csv,2.6860713958740234,0.2706924002566774,0.4159407671878315,0.1659180618863504,0.3440384150205905,0.3605354570386558,0.5258455647734525,0.5004965243296916,0.39010989010989,0.6791237975444735
008_NAB_id_8_Synthetic_tr_1007_1st_2734.csv,0.5621685981750488,0.4683647253464795,0.8564774638792809,0.5005120187498149,0.8765971723565065,0.6790532405024428,0.912599318955732,0.8315412186379924,0.5742643260787442,0.9060935078419612
009_NAB_id_9_Traffic_tr_500_1st_438.csv,1.0255274772644043,0.238177042397252,0.7874250214224506,0.2632161865586796,0.8310678605146151,0.4557776649092636,0.7539267015706806,0.5386416861826694,0.5816453079785036,0.8599635067194078
010_NAB_id_10_WebService_tr_500_1st_271.csv,2.719666004180908,0.1476584815104679,0.551785940870448,0.2636842756217928,0.6218508637660781,0.3483383401331736,0.3899868247694334,0.3485576923076919,0.58091373023854,0.7014011666250877
011_NAB_id_11_Facility_tr_1007_1st_1526.csv,0.9961044788360596,0.8771475696769693,0.9638242296345592,0.8772473565265199,0.9669767852283336,0.831067892402207,1.0,0.9999999999999996,0.8572806171648988,0.9946858718905768
013_NAB_id_13_Traffic_tr_623_1st_2084.csv,1.6652321815490725,0.5126155212764141,0.9474621549421192,0.8470751149443752,0.9807328580318908,0.686976099353586,0.6869806094182825,0.6869806094182821,0.501010101010101,0.8930066198730755
014_NAB_id_14_WebService_tr_500_1st_1045.csv,0.3417949676513672,0.2061649126386753,0.2560516815504465,0.2064716568663947,0.2657288077265039,0.2628548597749322,1.0,0.9999999999999996,0.4056684672278151,0.9806925212288456
015_NAB_id_15_Synthetic_tr_1007_1st_2787.csv,2.181877851486206,0.9999886299943772,0.9999983377051688,0.9999934411328985,0.9999995169280896,0.998049474752145,1.0,0.9999999999999996,0.983700862895494,0.9999284247892032
016_NAB_id_16_Environment_tr_1816_1st_3540.csv,1.205897569656372,0.1165117153252793,0.5126697277768301,0.122025932693345,0.5213826257916546,0.1892022808781349,0.6791744840525328,0.2874999999999997,0.3474308460998022,0.6782514517973321
017_NAB_id_17_Synthetic_tr_1007_1st_1805.csv,0.8436689376831055,0.3981445504682342,0.6544026217767597,0.4077686194906039,0.6944961155661101,0.429684126308227,1.0,0.9999999999999996,0.5904628330995793,0.9866602465090388
018_NAB_id_18_Facility_tr_500_1st_669.csv,0.3753917217254638,0.1478756414366485,0.6555246258058841,0.1532144293630125,0.6585917423966146,0.2514768956146876,0.8355555555555556,0.362068965517241,0.1805001812250815,0.7552870134407056
019_NAB_id_19_Facility_tr_1007_1st_1171.csv,0.3731436729431152,0.3667904822579838,0.7515209308730377,0.3503943803483347,0.7537510131847905,0.4031203125545052,0.9615384615384616,0.8014705882352936,0.5138291333743085,0.9579883529452488
020_NAB_id_20_Synthetic_tr_1007_1st_2679.csv,1.9728093147277832,0.9964242134979272,0.9993327383229208,0.9994416227755324,0.9999152075062868,0.960551852352322,1.0,0.9999999999999996,0.9630193544606098,0.999167701242622
022_NAB_id_22_Facility_tr_1007_1st_2980.csv,0.4830720424652099,0.3696240700314033,0.7916912231886597,0.3665006044318298,0.7936274314362366,0.469288953256822,0.988593155893536,0.828571428571428,0.3259986778732647,0.9231057225272832
023_NAB_id_23_Facility_tr_4512_1st_16551.csv,4.233581781387329,0.6546827390364367,0.8544959831645506,0.6510121197738479,0.8549027652172578,0.6701438615730553,1.0,0.9999999999999996,0.3873074716448211,0.993193204497786
024_NAB_id_24_Synthetic_tr_1007_1st_2787.csv,1.946125030517578,0.845532651257171,0.920764500474862,0.8653449571994448,0.949203519006377,0.8700391373339487,1.0,0.9999999999999996,0.8715354157501101,0.997416335123006
025_NAB_id_25_WebService_tr_3958_1st_4614.csv,4.772207021713257,0.1231112925794228,0.5052939494168263,0.1146422490666301,0.5098396321925632,0.1816806342115398,0.9619482496194824,0.3589743589743586,0.2367376570776277,0.6834841104680989
026_NAB_id_26_Traffic_tr_624_1st_2261.csv,0.2292289733886718,0.1908574058336687,0.5382834248250384,0.1874351206683894,0.5406645651090618,0.2278928600251724,0.9774127310061602,0.7317073170731702,0.2676056338028169,0.8177765978000859
027_NAB_id_27_Facility_tr_757_1st_2582.csv,0.3147485256195068,0.1712069255735674,0.5961568350406217,0.170842140332371,0.5983867997690056,0.2247141523624873,0.963855421686747,0.6511627906976739,0.2904458598726114,0.8667720417293308
028_NAB_id_28_Facility_tr_1007_1st_3447.csv,1.817100524902344,0.8828475504831566,0.9853361146451568,0.9569797525213009,0.995086396125932,0.8581427143166097,1.0,0.9999999999999996,0.5104393892178248,0.9891864120733356
032_WSD_id_4_WebService_tr_4559_1st_11822.csv,2.435156345367432,0.5117181351536396,0.9954330533133096,0.4253710751354421,0.996634884273867,0.5333292247230095,0.4353741496598639,0.3759398496240598,0.4439258944986564,0.7936542844058553
039_WSD_id_11_WebService_tr_1746_1st_1846.csv,5.68250036239624,0.5271139524121273,0.859573928034701,0.4358699841521932,0.8780761501450526,0.563102192515721,0.7002652519893899,0.5603112840466922,0.3976048469952556,0.9855909164908802
040_WSD_id_12_WebService_tr_4559_1st_9714.csv,4.169716835021973,0.4391925460001828,0.995562972942178,0.2218757571088505,0.99464582342865,0.4642817921249704,0.3565217391304348,0.333333333333333,0.1691104221947823,0.8601748306365202
043_WSD_id_15_WebService_tr_4521_1st_6828.csv,5.7147064208984375,0.0239521912350597,0.9932241827534708,0.4487791700486077,0.9961178641981132,0.0466921509832724,0.046692607003891,0.046692607003891,0.0466933308529439,0.9965125741167628
049_WSD_id_21_WebService_tr_4297_1st_7097.csv,5.011058807373047,0.6711025956343109,0.9995525457888542,0.5053663468590293,0.9989255380599288,0.8219129217779718,0.2995169082125604,0.2995169082125601,0.1336908638191917,0.8795239110516984
054_WSD_id_26_WebService_tr_2409_1st_2509.csv,5.9137163162231445,0.0730610545476072,0.966326842779776,0.438479875934062,0.9769311887130084,0.1760542841441752,0.1534988713318284,0.1568024596464255,0.1570216260607719,0.8735465031174253
058_WSD_id_30_WebService_tr_1136_1st_1236.csv,6.270603656768799,0.4439964157706093,0.999468537414966,0.5940896588218498,0.999455817033347,0.5882303114608911,0.08,0.0799999999999999,0.0597014925373134,0.6670455441002504
060_WSD_id_32_WebService_tr_4576_1st_4766.csv,5.85367488861084,0.6630475495916378,0.9923288878260748,0.8010728327720694,0.998239297102516,0.7252700447108004,0.6777408637873754,0.6734006734006729,0.6668480536217187,0.9798111256000266
068_WSD_id_40_WebService_tr_4549_1st_13322.csv,4.599233388900757,0.4482211275314723,0.9989703381466466,0.6098399621476974,0.9989843238937064,0.6304304655305077,0.2396694214876033,0.239669421487603,0.2677165354330708,0.8024987798829836
074_WSD_id_46_WebService_tr_990_1st_1090.csv,4.680280923843384,0.4314068537605606,0.9687738502864915,0.3747029706444584,0.969568251615689,0.4344303140367617,0.4961538461538461,0.4442955268889257,0.598359618912684,0.9057225323305808
089_WSD_id_61_WebService_tr_1010_1st_1110.csv,5.264106273651123,0.0228035018589151,0.6340547347034552,0.0836300257347908,0.6257040628972949,0.0673206810002261,0.079646017699115,0.0661282771535579,0.1015897363976724,0.6934212865859865
094_WSD_id_66_WebService_tr_3309_1st_3914.csv,3.367106914520264,0.0865904761904761,0.9860410760274416,0.5089364379330203,0.99249849780531,0.1707301457608619,0.1707317073170731,0.170731707317073,0.1707317073170731,0.992224329935227
099_WSD_id_71_WebService_tr_4559_1st_14411.csv,5.393032073974609,0.3239161382372819,0.9864369064135818,0.1848162985191342,0.9898794678297878,0.4230735873044078,0.3228346456692913,0.1457286432160802,0.302541192294759,0.8545279769837376
106_WSD_id_78_WebService_tr_3363_1st_3463.csv,4.741027593612671,0.8420734486759389,0.9292693494486118,0.3248504692962151,0.8633856700606937,0.8910361869081637,0.8985507246376812,0.4951321279554933,0.3242537085648007,0.7104820684567799
113_WSD_id_85_WebService_tr_500_1st_335.csv,4.335225343704224,0.1046456548942415,0.9741596239731288,0.5259049304521367,0.985612533534517,0.2008870817979841,0.2008888888888889,0.2008888888888887,0.2009165409433146,0.9817308393739504
117_WSD_id_89_WebService_tr_3251_1st_3351.csv,4.337697744369507,0.4285714285714285,0.999877847676052,0.7237893311403831,0.999940953538502,0.5999958000293997,0.0377358490566037,0.0377358490566037,0.0335195530726257,0.8101334390306888
125_WSD_id_97_WebService_tr_2217_1st_2317.csv,5.779426097869873,0.4780773853953877,0.9873695335834138,0.7657447128306605,0.9969069613638264,0.6779615933221376,0.5955882352941176,0.5925925925925921,0.5916064663692948,0.9739115557885192
130_WSD_id_102_WebService_tr_2362_1st_2462.csv,5.056705951690674,0.2560015023263964,0.8529545948757745,0.1214308142783879,0.9012201240655108,0.3366958270168353,0.336734693877551,0.2523364485981303,0.3106141927883074,0.6670438484347034
137_WSD_id_109_WebService_tr_4559_1st_14404.csv,5.08325719833374,0.6401130542838397,0.9957237820564824,0.3531229617800526,0.9956544828844838,0.6666621506478757,0.4538461538461538,0.37719298245614,0.3317504232563901,0.8390414835569571
139_WSD_id_111_WebService_tr_1701_1st_1801.csv,6.526275634765625,0.801154349672217,0.964458543659186,0.6111282572409503,0.9555470263082868,0.8051898895560681,0.5467625899280576,0.5315508021390369,0.3614908820919578,0.7880131994496765
140_MSL_id_1_Sensor_tr_530_1st_630.csv,0.6470293998718262,0.9091866520438256,0.9901177211701248,0.947138868670206,0.974721015044278,0.967474676144539,0.9918032786885246,0.9775280898876398,0.9690765243486564,0.9987756871837236
141_MSL_id_2_Sensor_tr_500_1st_550.csv,6.163846492767334,0.2830051902838055,0.7812614937999158,0.4520546406030226,0.8875631215572019,0.4931146705251102,0.7888748419721872,0.5514511873350919,0.5254937043382439,0.8511958397530558
143_MSL_id_4_Sensor_tr_980_1st_3550.csv,1.771165132522583,0.9945929228365692,0.9997857472766196,0.9995165377284072,0.9999862732286278,0.9710560974605916,1.0,0.9999999999999996,0.9683700179232267,0.9995405017315646
144_MSL_id_5_Sensor_tr_1525_1st_4590.csv,2.595468759536743,0.0450203566672596,0.7689730273077567,0.0620391734272838,0.7770928432039473,0.1596572755485308,0.1596587446678854,0.1566985645933012,0.1566985645933014,0.8890053358456359
145_MSL_id_6_Sensor_tr_530_1st_630.csv,0.7229399681091309,0.3181921873675108,0.9475426734767656,0.453022970380693,0.9666389290176362,0.5300304406800008,0.7781350482315113,0.6184738955823289,0.3621451104100946,0.8723036923645257
147_MSL_id_8_Sensor_tr_590_1st_690.csv,0.5312447547912598,0.182564254004534,0.7604362528604954,0.2385767155783067,0.7749781283009934,0.3620534972594816,0.4874274661508704,0.3625815808556922,0.4979153804402964,0.7361291639130657
148_MSL_id_9_Sensor_tr_883_1st_1238.csv,0.4743638038635254,0.7711954110012139,0.9535276049209812,0.7953594084088568,0.9622564952979972,0.7486291821489794,1.0,0.9999999999999996,0.6828299387066739,0.9953965751121692
149_Stock_id_1_Finance_tr_500_1st_7.csv,8.617480516433716,0.0581068706230064,0.5728099895168944,0.7931157012736163,0.9025387262843676,0.1149209555625051,0.1143389777846823,0.1137269417162332,0.1175192001861119,0.6715806602073288
151_Stock_id_3_Finance_tr_500_1st_62.csv,2.342278957366944,0.0538644860812674,0.5410624734638497,0.1285942661524698,0.492145091771727,0.1029805018271801,0.102159953298307,0.1021181612158406,0.1083257211012418,0.6718798410074595
155_Stock_id_7_Finance_tr_500_1st_18.csv,11.165767908096312,0.06097802244252,0.5671222551649571,0.9232701824635392,0.9518535315138102,0.1077582264822814,0.106259863229879,0.1058546100323149,0.1697947512979961,0.6720079863210513
156_Stock_id_8_Finance_tr_500_1st_24.csv,2.1537835597991943,0.0496418799722628,0.5275180263393123,0.1432275055559863,0.5061192839617837,0.099369349156248,0.0990073482016243,0.0990611244455374,0.2871270867043423,0.670883568510638
160_Stock_id_12_Finance_tr_500_1st_14.csv,8.514791250228882,0.0853879666680734,0.6490892014793512,0.7542105689216047,0.877445965740475,0.1441232340348005,0.1430941518042306,0.1423383895120069,0.1473133654234868,0.6842848840620673
162_Stock_id_14_Finance_tr_500_1st_4.csv,1.8058574199676516,0.3756284240685594,0.826099650290864,0.6589240421349175,0.875312504632913,0.4303757389971163,0.4300244100895036,0.4244853385539742,0.2914402286584627,0.8194471227280142
165_Stock_id_17_Finance_tr_500_1st_7.csv,11.978198528289797,0.1578250495176386,0.5391475208719102,0.9728640891223236,0.9809428838091176,0.2492545169402334,0.2492394366197183,0.2487548946843086,0.1559346826275643,0.6864041172750674
166_Stock_id_18_Finance_tr_500_1st_18.csv,8.306372880935669,0.1837590467380072,0.5951327884687905,0.8875151031982176,0.9184758275708688,0.2710327756796173,0.2715874477580222,0.2693065673952203,0.1605293398531089,0.686797742820761
169_Daphnet_id_1_HumanActivity_tr_9693_1st_20732.csv,32.82793712615967,0.4376814113329015,0.8093355212344563,0.4218448144556889,0.8331780753790633,0.5291347931495732,0.7678525723061173,0.661877886095433,0.5804976921088624,0.9304719433051792
170_MITDB_id_1_Medical_tr_17675_1st_17775.csv,4334.543723344803,0.6814889827695332,0.9867138933072022,0.7238258193137451,0.9884471031294936,0.7549512399718642,0.8296482507760574,0.7939777933115623,0.7621819209732249,0.9409958855541172
171_MITDB_id_2_Medical_tr_50000_1st_88864.csv,7646.6840698719025,0.6799729785670878,0.9743910909602438,0.7059829353103667,0.9847911153542968,0.6636095250016772,0.78198657578438,0.6969373998116324,0.5268349899074221,0.8787016847185003
172_MITDB_id_3_Medical_tr_27274_1st_27374.csv,7226.396919965744,0.7232110464147452,0.9872244529252155,0.7737684130559153,0.9910597524439252,0.6933530954487206,0.8185557840902774,0.7580998001667091,0.6329555635276488,0.9439105150894708
173_MITDB_id_4_Medical_tr_13620_1st_13720.csv,7183.495783805847,0.3069951107133083,0.7572198378395406,0.3450332441045195,0.7833884094372383,0.3690639280722373,0.4978949932152673,0.4370001966562429,0.3740655325043323,0.7752065583869623
175_MITDB_id_6_Medical_tr_27274_1st_27374.csv,7328.865837574005,0.6992374296652277,0.9911837684045456,0.7442420295068656,0.9924438656281748,0.7300037545887197,0.818150950717889,0.7720691450214501,0.5947279818875606,0.949199534268664
176_MITDB_id_7_Medical_tr_6232_1st_6332.csv,7415.706124544144,0.3344230477080263,0.8305543185451021,0.3335007740221321,0.845418625389227,0.4273623861298987,0.5107687369603595,0.4360912640441972,0.3747074235750254,0.7972533333339828
177_MITDB_id_8_Medical_tr_17675_1st_17775.csv,7250.605152845383,0.7938506405943925,0.9903854269409478,0.7946615116772374,0.9912870636849028,0.7257438977702074,0.8527476226542119,0.8158823405109561,0.7094502428446164,0.9595779738648506
178_SMD_id_1_Facility_tr_6000_1st_10609.csv,7.624205112457275,0.4227163197672212,0.7232209357925566,0.2801662779404494,0.6759187242937756,0.4992106509267036,0.810304449648712,0.571428571428571,0.3321424455456955,0.7547492191051153
179_SMD_id_2_Facility_tr_5925_1st_17580.csv,10.46994686126709,0.7763278528802825,0.998730694606336,0.9263309225008304,0.9996606975883486,0.8070127300995047,0.7970297029702971,0.7970297029702965,0.7970297029702971,0.9985154637454438
180_SMD_id_3_Facility_tr_5925_1st_17580.csv,8.840418815612793,0.8143922633491424,0.8784192227344706,0.7461873009174752,0.8848069609426532,0.8758571298732745,0.7488372093023256,0.7096774193548382,0.1171902576773737,0.8797879926738121
181_SMD_id_4_Facility_tr_5000_1st_15144.csv,6.4557294845581055,0.6961867318495194,0.9779383227608308,0.7669977290710592,0.9847038097656352,0.6228300519403852,0.9726834493840386,0.9328063241106712,0.7828009608136164,0.9619715182051332
183_SMD_id_6_Facility_tr_5925_1st_17580.csv,7.985065698623657,0.9358111643453972,0.9995280009666878,0.9584020160840114,0.9998050716246876,0.8533284332370268,0.8009950248756219,0.7999999999999995,0.5416393719755722,0.996402690503769
184_SMD_id_7_Facility_tr_7119_1st_15849.csv,14.50124979019165,0.3932004069273986,0.7341650424625196,0.3979996389345417,0.7372511475151293,0.4409688325616305,0.9944629014396456,0.9450549450549444,0.650004697935979,0.9704011776309128
185_SMD_id_8_Facility_tr_5000_1st_15144.csv,6.64470362663269,0.6760319342337666,0.9761819882581076,0.7496875016886325,0.983630212339611,0.6101899108038801,0.9588173178458288,0.8934426229508192,0.7664815351932533,0.9634228445912644
187_SMD_id_10_Facility_tr_5000_1st_15849.csv,6.276485919952393,0.3643408036811724,0.6454647868546479,0.3856308020733179,0.6762469965587709,0.3765226384349124,0.8196893919452487,0.8179419525065957,0.6501122178889064,0.8427038509954771
188_SMD_id_11_Facility_tr_500_1st_392.csv,9.28923797607422,0.4237042926690254,0.736300572760672,0.3585783561483766,0.7118931095144836,0.5277924382138607,0.8588469184890656,0.7243589743589738,0.422043523424687,0.85325457186253
189_SMD_id_12_Facility_tr_5925_1st_17580.csv,9.9548020362854,0.8824504009691603,0.9798535035308904,0.814311253362357,0.983378922448427,0.8721261631029297,0.7419354838709677,0.7083333333333328,0.2849743328862785,0.854041437255545
190_SMD_id_13_Facility_tr_7119_1st_15849.csv,15.754531621932983,0.3304213867303173,0.6631920646416695,0.3248707474405027,0.6650872242208614,0.350567672359728,0.9942645698427384,0.9222118088097464,0.6040477857736704,0.9423747277696386
191_SMD_id_14_Facility_tr_4596_1st_4696.csv,7.252144336700439,0.8282735125443723,0.9392368513436854,0.4819523539981932,0.8212612478890975,0.8361154041081212,0.6648936170212766,0.5208333333333328,0.3787878787878787,0.8945000044811319
192_SMD_id_15_Facility_tr_5925_1st_17580.csv,9.374428987503052,0.853924774775406,0.9543931263854584,0.7812631308094128,0.956934416016112,0.915819951279052,0.7576470588235295,0.7267904509283815,0.4597093791281374,0.8580548215881835
194_SMD_id_17_Facility_tr_5925_1st_17580.csv,10.4531672000885,0.819888189075381,0.9923934018281586,0.8220215048528281,0.9957607120253116,0.8624950002242956,0.7612293144208038,0.7335092348284956,0.2501027109881554,0.8872053326851085
195_SMD_id_18_Facility_tr_5925_1st_17580.csv,7.949764013290405,0.3165181848357325,0.968961512423152,0.2109956773948836,0.970064401081414,0.3266886272294154,0.6313725490196078,0.3561643835616435,0.1641824249165739,0.8278374874845194
196_SMD_id_19_Facility_tr_7174_1st_21230.csv,13.474817037582396,0.5474219636867905,0.9972372298624754,0.7767415290408596,0.998499091884272,0.7456263915082629,0.7245283018867924,0.724528301886792,0.7130078870518982,0.9956316232225751
197_SMD_id_20_Facility_tr_5000_1st_15144.csv,6.111886501312256,0.6874880267264082,0.9776483403801304,0.7578887675575475,0.9843270299282564,0.6068022484211976,0.9659574468085106,0.9142091152815008,0.7820425762402612,0.9646694310195092
198_SMD_id_21_Facility_tr_5925_1st_17580.csv,11.169808626174929,0.8348379883559753,0.9981581748174664,0.8116696434190226,0.9986329552789222,0.8424387361882429,0.7523364485981309,0.7165775401069514,0.1274238227146814,0.9507816291661332
199_SMD_id_22_Facility_tr_5925_1st_17580.csv,9.438162326812744,0.9503297482829306,0.9996066234999058,0.9034241041755736,0.9995026787510334,0.8562041640257922,0.7970297029702971,0.7939698492462307,0.4492523158398606,0.9184843063068532
201_SMD_id_24_Facility_tr_7174_1st_21230.csv,13.099400758743286,0.5746348260729066,0.9974011998715488,0.8395136488794459,0.9988359292855672,0.7600720632768437,0.7388059701492538,0.7388059701492532,0.5699685735455684,0.9934363673343336
202_SMD_id_25_Facility_tr_6250_1st_21230.csv,10.242434978485107,0.528,0.9988168765541028,0.8250985051120603,0.9995613730350138,0.6910949535670577,0.3928571428571428,0.3928571428571424,0.3707865168539326,0.9671617098844456
203_SMD_id_26_Facility_tr_7174_1st_21230.csv,11.950353384017944,0.6336098530278421,0.9978058003007122,0.8207948167796681,0.9986686889668376,0.8016652962928676,0.7557251908396947,0.7557251908396941,0.5854534570487879,0.9931454521829808
204_SMD_id_27_Facility_tr_5000_1st_15144.csv,8.200809478759766,0.6534559309798793,0.9752496836555846,0.7835984903319326,0.9860467635709116,0.5888639784448273,0.8972332015810277,0.7932405566600391,0.7498480751036928,0.9595085713350032
205_SMD_id_28_Facility_tr_5925_1st_17580.csv,9.04060983657837,0.9485692358992311,0.9996082065039305,0.9625528449881876,0.9998297354092356,0.8617836990314612,0.7990074441687345,0.7969924812030069,0.5515126853183678,0.9958292059929796
206_SMD_id_29_Facility_tr_6250_1st_21230.csv,9.55264401435852,0.528,0.9988168765541028,0.8250985051120603,0.9995613730350138,0.6910949535670577,0.3928571428571428,0.3928571428571424,0.3707865168539326,0.9671617098844456
207_SMD_id_30_Facility_tr_7174_1st_21230.csv,12.853968143463137,0.5724534231200897,0.997384363673226,0.836302361267264,0.9988476674778108,0.7586159810042559,0.7557251908396947,0.7557251908396941,0.5854534570487879,0.9931454521829808
208_SMD_id_31_Facility_tr_5000_1st_15144.csv,7.724584579467773,0.6676377846391301,0.9771182731240616,0.7379767148603048,0.9835111625779432,0.6151481550776507,0.9532808398950132,0.8765603328710119,0.7472869190967851,0.966467726816992
209_SMD_id_32_Facility_tr_5925_1st_17580.csv,11.814979076385498,0.7458800668082772,0.9607246148155456,0.6124655599399043,0.9629992550883124,0.69609903002221,0.7540983606557377,0.7199999999999995,0.2134984520123839,0.9051908877367336
211_SMD_id_34_Facility_tr_5925_1st_17580.csv,10.28896427154541,0.8526507191167783,0.9441291921244496,0.7818905557723316,0.947768085455278,0.9121572007665768,0.755868544600939,0.7234042553191484,0.1443092817863689,0.8427556383687045
212_SMD_id_35_Facility_tr_5925_1st_17580.csv,8.758498191833496,0.8945066290382564,0.9969730324711062,0.8632836612089682,0.9984193377083516,0.9050582929694384,0.7703349282296651,0.7499999999999994,0.3120079492471146,0.8917206122739579
213_SMD_id_36_Facility_tr_5925_1st_17580.csv,9.29548192024231,0.932888660398172,0.9995485800190066,0.973465771574852,0.999889193483643,0.9044894276562248,0.8029925187032418,0.8029925187032413,0.8029925187032418,0.9985984264775928
214_SMD_id_37_Facility_tr_5925_1st_17580.csv,10.455021142959597,0.7763278528802826,0.998730694606336,0.9263309225008304,0.9996606975883486,0.8070127300995047,0.7970297029702971,0.7970297029702965,0.7970297029702971,0.9985154637454438
215_SMD_id_38_Facility_tr_5925_1st_17580.csv,7.482007026672363,0.7926537338341278,0.9566346600841842,0.7506005310140069,0.9590411264205254,0.7722722474152718,0.7419354838709677,0.695652173913043,0.6257554625755463,0.8544090999696174
216_LTDB_id_1_Medical_tr_500_1st_266.csv,163.60431170463562,0.7429847524207722,0.9610774267561796,0.8632632577388734,0.980697854546229,0.7549115918918138,0.8768558410563184,0.8388530495471948,0.7830769418054317,0.9559675154260632
218_LTDB_id_3_Medical_tr_500_1st_266.csv,161.4882869720459,0.7627283166781791,0.964795663291029,0.8523458612529625,0.9787756012873948,0.758082052776085,0.857178179570391,0.8250185952526554,0.790395579338977,0.9465706392610782
219_LTDB_id_4_Medical_tr_3618_1st_3718.csv,167.4943344593048,0.6132555528250949,0.9163037762631588,0.7322631742347702,0.9448995405232934,0.5961200397780761,0.7152697415550779,0.6569567698070861,0.5699537141469193,0.8233884447127102
220_LTDB_id_5_Medical_tr_500_1st_26.csv,164.13662028312683,0.2042677907869449,0.2048551018388982,0.2520919117416609,0.2772466023376551,0.4798352157852332,0.5514360522055444,0.4798309555118076,0.3930737407242617,0.7668168284175632
221_LTDB_id_6_Medical_tr_500_1st_26.csv,156.82884788513184,0.4246322457727602,0.6922261164848551,0.534889379617927,0.7519640545301077,0.581443256541445,0.7064644585926508,0.6273470004240927,0.5742103886145105,0.82680232730393
222_LTDB_id_7_Medical_tr_3618_1st_3718.csv,167.3469078540802,0.5243218444775056,0.8868222271553952,0.6343577803170126,0.916392282707053,0.5322569831348757,0.6369909018745802,0.5771094245743118,0.4431032966028274,0.8049524998967194
223_LTDB_id_8_Medical_tr_4456_1st_4556.csv,160.50138020515442,0.5884416062548294,0.9025072705927524,0.6332761214016114,0.908126560847815,0.6065436086139024,0.6438034591619223,0.6161672089486385,0.6373084489199309,0.8780305287311128
224_LTDB_id_9_Medical_tr_4456_1st_4556.csv,161.3887755870819,0.4522584182159144,0.831074373707379,0.5357175980709045,0.8560060432736925,0.5193985912046795,0.5891329601858697,0.542892790401572,0.5068246419032401,0.8020700837831324
225_MGAB_id_1_Synthetic_tr_25000_1st_38478.csv,161.47016215324402,0.2587502435678007,0.9657764028056112,0.273009572643339,0.9798173203293972,0.3432991421915138,0.2312138728323699,0.2312138728323696,0.1811279256656445,0.8523380117913073
226_MGAB_id_2_Synthetic_tr_20000_1st_45134.csv,96.8461184501648,0.295701488457982,0.9531282422811348,0.2447846781907678,0.968656878520093,0.3773540050372986,0.1685985247629083,0.168598524762908,0.0969395209917856,0.7628844415238653
227_MGAB_id_3_Synthetic_tr_25000_1st_44340.csv,159.43664646148682,0.3155813536005284,0.9691024549098196,0.2680189185710797,0.9720173488211749,0.4221586038001266,0.1981833195706028,0.1981833195706025,0.1249213688136155,0.7988864226996697
228_MGAB_id_4_Synthetic_tr_25000_1st_38948.csv,156.7133183479309,0.2736402202956431,0.9385229458917836,0.2661818942965055,0.9595818729968526,0.3580423990733054,0.1981833195706028,0.1981833195706025,0.1110439724737727,0.7873950493069275
229_MGAB_id_5_Synthetic_tr_25000_1st_33098.csv,159.61545372009277,0.2589785011184622,0.9866833166332664,0.2724849489856684,0.9879431784016798,0.3375478645509026,0.1959183673469387,0.178501262980634,0.113168449106422,0.8616345923873208
231_MGAB_id_7_Synthetic_tr_25000_1st_35544.csv,157.0559277534485,0.3061170399117406,0.9593941883767536,0.2945476983463297,0.971876089668232,0.3870921956837069,0.2312138728323699,0.2312138728323696,0.1614040966487237,0.8514589187050474
232_MGAB_id_8_Synthetic_tr_25000_1st_32708.csv,165.03274416923523,0.3230258300761958,0.9735399298597196,0.3508176131172329,0.9805278136209328,0.424398201692195,0.2601626016260163,0.2375236891977256,0.1445640878313015,0.8924309389566054
233_MGAB_id_9_Synthetic_tr_25000_1st_41300.csv,165.56533122062683,0.2684896418112213,0.9946805611222445,0.4939544632423602,0.9962484164558856,0.3354248997538139,0.2312138728323699,0.2312138728323696,0.2412525890758278,0.9380121950919992
234_SED_id_1_Medical_tr_3740_1st_3840.csv,6.186739444732666,0.5540302079761785,0.9689906792198468,0.7569924282982613,0.9815259748913056,0.5777870439037474,0.6122448979591837,0.5765534913516972,0.6555418862636235,0.9597392716116282
236_SED_id_3_Medical_tr_3740_1st_3840.csv,24.884626626968384,0.4834796292372032,0.9639093976725526,0.6705596136844478,0.9749433832592456,0.495687514653499,0.5111055652607936,0.4941808415398384,0.5082229678928554,0.9461636145914836
237_SVDB_id_1_Medical_tr_11587_1st_11687.csv,294.9088406562805,0.149214465804778,0.2593223917112259,0.1610065829305582,0.3068674812911801,0.1722121032119131,0.7518888804090667,0.7139139486467725,0.821016122116904,0.8883089347371375
238_SVDB_id_2_Medical_tr_25000_1st_71963.csv,164.35266828536987,0.6504197479958954,0.8395574497806354,0.5311309412697758,0.8498236608443821,0.6608647195213526,0.7172413793103448,0.6420416386836799,0.0387814267382728,0.7406467547976406
239_SVDB_id_3_Medical_tr_50000_1st_106634.csv,913.6783349514008,0.5288097054303158,0.8431839346668032,0.4562953619355883,0.8746787653450011,0.5257983139008484,0.8221512247071352,0.6769141949917005,0.3684894454986229,0.9452706654517402
240_SVDB_id_4_Medical_tr_18462_1st_18562.csv,291.5878372192383,0.4881000147141481,0.7474218421413603,0.454871702563191,0.8245811850773611,0.5531349438329654,0.8205787781350482,0.7345696319141262,0.4114729195903848,0.8358366412499316
241_SVDB_id_5_Medical_tr_11587_1st_11687.csv,282.06301736831665,0.248716290345477,0.5534746792260667,0.2942942577075398,0.5979877125179308,0.3255102040108123,0.9745685740236149,0.8343230850184163,0.6541991857024712,0.9560348205512584
243_SVDB_id_7_Medical_tr_11393_1st_11493.csv,559.6552259922028,0.7794070789273982,0.9940429148720522,0.8839958452042515,0.996883350826236,0.7915288262768473,0.8338218714768884,0.8212177569337749,0.7814955898253597,0.9827504590575358
244_SVDB_id_8_Medical_tr_17803_1st_17903.csv,282.6673183441162,0.8032989630602919,0.9932921624412644,0.8968635700640717,0.996930928532452,0.7337613417993075,0.8106951871657754,0.7830726770929158,0.7400802888467626,0.967485513438224
245_SVDB_id_9_Medical_tr_12607_1st_12707.csv,592.8486561775208,0.2044691943227025,0.6017994783993108,0.1951111980036025,0.6598230083782793,0.2529214890421161,0.339321629452872,0.2726455545797381,0.2058350600688437,0.6922194908917725
246_SVDB_id_10_Medical_tr_20100_1st_68460.csv,101.65094780921936,0.4635106833027584,0.9860296727362938,0.4366633946695015,0.989596358457936,0.539793721381995,0.4738007380073801,0.4699426290845592,0.2262615017785619,0.8915586752309358
247_SVDB_id_11_Medical_tr_20100_1st_23611.csv,103.86125802993774,0.6307213510672567,0.8666683714018683,0.4906277637062681,0.9057493394499936,0.6974454921709847,0.7449350649350649,0.7113602069411505,0.3840215528307566,0.8631311277371566
248_SVDB_id_12_Medical_tr_18462_1st_18562.csv,284.74473762512207,0.4585925466733992,0.9429787585043308,0.4892111420992202,0.9568817069068272,0.4748268675715906,0.5912032466820226,0.5061277386042425,0.4880545945338272,0.8325579798619984
249_SVDB_id_13_Medical_tr_50000_1st_54982.csv,922.395255804062,0.4454181707332839,0.9432849982730298,0.4993149246580702,0.9591704574801284,0.4623226097061378,0.5671503072236278,0.5065174155368545,0.4292599801296025,0.8449845058691973
250_SVDB_id_14_Medical_tr_50000_1st_107354.csv,961.4351675510406,0.5866718369256717,0.9879139655510744,0.5427114958825482,0.9796259142956408,0.671980149941954,0.9170318434122116,0.664259149463698,0.5791288329075401,0.9579060593409447
251_SVDB_id_15_Medical_tr_5421_1st_5521.csv,950.5217247009276,0.2668318260478457,0.8671506036185266,0.3496183352721652,0.9111920101928564,0.3493997986108331,0.5090317738303728,0.4052485253785171,0.3858920773915031,0.8921979531705462
253_SVDB_id_17_Medical_tr_17803_1st_17903.csv,285.11270570755005,0.7297024372888323,0.9912366577179216,0.8199358171026869,0.9946869829674388,0.7008033710149532,0.8158100996528944,0.7680376359592612,0.689054724534623,0.944534366501709
254_SVDB_id_18_Medical_tr_30824_1st_30924.csv,924.2673914432526,0.5369121535890083,0.9779716753597744,0.5966170513653481,0.982532597968218,0.5722135123881481,0.6985585300174244,0.6325843172430249,0.5502085456632579,0.9305519307467812
255_SVDB_id_19_Medical_tr_50000_1st_54982.csv,919.4099025726318,0.4364639165792396,0.971689962620114,0.5027992821440702,0.9739435554464886,0.5599054460737878,0.6541651346161703,0.5924895432352576,0.5873101146565393,0.8985143040304061
256_SVDB_id_20_Medical_tr_6264_1st_6364.csv,902.3659768104552,0.7339791849136869,0.991678327283505,0.8609118613459562,0.996106954613429,0.7401611106603234,0.841553748870822,0.7959909473003551,0.6702070218121863,0.9818575932041892
257_TAO_id_1_Environment_tr_500_1st_3.csv,2.639824151992798,0.1262219668734263,0.5851645282833466,0.9091747292463418,0.9439620886485762,0.1977229578151828,0.1995386389850057,0.1966890407945063,0.1477829299580917,0.6780463061476107
258_TAO_id_2_Environment_tr_500_1st_4.csv,2.985006809234619,0.1756716174865622,0.5787099852046135,0.9507001756819772,0.9657314722391436,0.2628886179300077,0.2635818337617823,0.2614854527521852,0.1957033584455769,0.6875239008585428
260_IOPS_id_1_WebService_tr_5000_1st_11804.csv,7.101365327835083,0.9041666666666668,0.999962473731612,0.5712553898297573,0.99862480346861,0.9655122473504448,0.1272727272727272,0.1272727272727271,0.0566801619433198,0.7085187062209976
261_IOPS_id_2_WebService_tr_2178_1st_2278.csv,2.675270795822144,0.0184472705856477,0.9075909470646312,0.1281460650096536,0.9143736056086116,0.0909074380465809,0.0631578947368421,0.0631578947368419,0.0999999999999999,0.8425825687320132
262_IOPS_id_3_WebService_tr_7028_1st_7128.csv,281.31067657470703,0.5644259923991478,0.9005418503087286,0.2463806124566094,0.8568597342086038,0.5544650247619446,0.7488048674489353,0.4033514278970965,0.199595667493037,0.8214980751166399
263_IOPS_id_4_WebService_tr_3482_1st_3582.csv,402.4697895050049,0.4120221590700089,0.8346170312827611,0.2231725238608994,0.8518995900105988,0.4817472208684605,0.5007836990595611,0.3869277533335569,0.3140547413014599,0.8813191075382053
264_IOPS_id_5_WebService_tr_11665_1st_11765.csv,66.89996290206909,0.0482683599187648,0.8150634165110449,0.0443617062725133,0.8173274842425171,0.1219434466696577,0.7530296698704555,0.1210405715055936,0.2326871290614084,0.8239715594810604
266_IOPS_id_7_WebService_tr_4010_1st_4110.csv,150.60580706596377,0.739547431336298,0.97502154127586,0.6193038936483811,0.9652319650808208,0.7503568088694988,0.9345794392523364,0.6813459474681661,0.5105488230145521,0.8405187777221154
267_IOPS_id_8_WebService_tr_1534_1st_1882.csv,2.281167268753052,0.0219863843458385,0.6795987659106061,0.1102494639583249,0.7083353226340188,0.0995454007326954,0.1118881118881118,0.084745762711864,0.1741178381891191,0.7183721276017908
268_IOPS_id_9_WebService_tr_6216_1st_6316.csv,15.308850288391112,0.1227035140342097,0.5188431202963043,0.0612352052635943,0.1419442957211439,0.154918266002565,0.8389750079088896,0.2247023809523804,0.1469778205846932,0.6764563171069988
269_IOPS_id_10_WebService_tr_1216_1st_1728.csv,0.6262516975402832,0.7324232600238363,0.9906919795113396,0.7160993549780068,0.9947908868909684,0.6727223322676875,0.8376068376068376,0.7654320987654315,0.6058554746996108,0.912654796200718
271_IOPS_id_12_WebService_tr_500_1st_341.csv,3.431951999664306,0.2789144377188487,0.814779490158013,0.2432431249315627,0.6054725709362153,0.3611079784222384,0.2536585365853658,0.1768211920529797,0.321362747935476,0.6880408729069754
272_IOPS_id_13_WebService_tr_3442_1st_3542.csv,413.7424051761627,0.6062406112459127,0.9070550708264726,0.3353041423193093,0.9143320393288332,0.6806434504121969,0.4751429828420589,0.4042734005098939,0.3133412085258086,0.83456865039029
273_IOPS_id_14_WebService_tr_5569_1st_5669.csv,380.3388016223908,0.0146122019328558,0.6412587523023471,0.044218759573987,0.6618879443010914,0.0734919363279027,0.0755813953488372,0.0601428959030474,0.0682022048493865,0.6813754840788923
274_IOPS_id_15_WebService_tr_4591_1st_4691.csv,387.8183798789978,0.4245016636782269,0.8426851970925404,0.2116853702141464,0.7196733351044553,0.471450971680478,0.7474837445444019,0.255469576164498,0.1802101038893505,0.6986513890898086
275_IOPS_id_16_WebService_tr_1482_1st_1582.csv,2.8824563026428223,0.0821927881301045,0.9327837794585716,0.3599221214725886,0.92323052316796,0.1638311218577587,0.1638330757341576,0.1442176870748296,0.0808543096872616,0.8910595122189229
276_IOPS_id_17_WebService_tr_19197_1st_19297.csv,154.88496088981628,0.5824771539022369,0.9411927235235102,0.3283242444120796,0.8275353321985667,0.6964153113325584,0.7401798390913393,0.4437664001952763,0.2600557177373588,0.675278582509236
277_NEK_id_1_WebService_tr_500_1st_17.csv,0.0757145881652832,0.7409397141069485,0.8407879556991232,0.7408453005950291,0.8489368972633505,0.7945157590830958,1.0,0.9999999999999996,0.7217238689547583,0.9669313700153132
278_NEK_id_2_WebService_tr_500_1st_64.csv,0.1214241981506347,0.7374469908427149,0.9764346764346764,0.8936786459885961,0.9899918746566072,0.7481964598437024,0.7794117647058824,0.636636636636636,0.6421516579100793,0.960958798691205
279_NEK_id_3_WebService_tr_500_1st_974.csv,0.1263153553009033,0.9857047449307303,0.9988361943555426,0.9926101945454334,0.999460898834792,0.9578897457323776,1.0,0.9999999999999996,0.9533987879926716,0.9992979723185867
281_NEK_id_5_WebService_tr_500_1st_974.csv,0.127270221710205,0.9908814576769122,0.9991751269035534,0.9925722111370509,0.999489057699836,0.9585748902609263,1.0,0.9999999999999996,0.9423076923076924,0.9996079968639744
282_NEK_id_6_WebService_tr_500_1st_64.csv,0.1391844749450683,0.3938477115324525,0.9214678610718214,0.578696770107599,0.931689113901922,0.5282970648357525,0.5384615384615384,0.444444444444444,0.4325584726676588,0.9016462133408052
283_NEK_id_7_WebService_tr_500_1st_777.csv,0.1131556034088134,0.9662670028543752,0.9964760405736272,0.9751586218934296,0.9972648998778012,0.9596724245837484,0.963855421686747,0.9610389610389604,0.957495278799324,0.9878502196801792
284_NEK_id_8_WebService_tr_500_1st_976.csv,0.1205887794494628,0.923063057776027,0.9939481136384396,0.968739995530177,0.9976531069322054,0.922274822975047,1.0,0.9999999999999996,0.8516746411483254,0.9935147029584026
285_NEK_id_9_WebService_tr_500_1st_780.csv,0.1545608043670654,0.9576595775430734,0.9954999040491268,0.9534996924440212,0.99485000518544,0.9270336532529332,0.927038626609442,0.9237668161434972,0.909657320872274,0.9781867736359716
286_CATSv2_id_1_Sensor_tr_17792_1st_17892.csv,1530.1522648334503,0.4539838555687338,0.6711804897464083,0.2646542155110704,0.6467868040440548,0.5629742904607439,0.6150739006701551,0.4907420906837726,0.2685397629452745,0.7164832860893938
287_TODS_id_1_Synthetic_tr_500_1st_11.csv,0.853588342666626,0.0911952725066665,0.6130518830055325,0.8632155997255636,0.915330236262881,0.1432675585547552,0.1410714285714285,0.1402821697883723,0.2723851922024139,0.6726172542741573
288_TODS_id_2_Synthetic_tr_500_1st_65.csv,0.9965550899505616,0.6973888810000219,0.8516984863138709,0.731281492930382,0.8389148030555594,0.7434897527967204,0.7434944237918215,0.2590535166803261,0.1814963517490869,0.6790500118144807
289_TODS_id_3_Synthetic_tr_500_1st_26.csv,0.9588382244110109,0.1904939618414534,0.7160432809773124,0.7338559129206979,0.8521877922519905,0.2554475209585497,0.2515337423312883,0.1694804771527275,0.1699978540779429,0.67705005035894
290_TODS_id_4_Synthetic_tr_500_1st_26.csv,0.7239136695861816,0.6524462231877799,0.8914643294428899,0.7054438614636137,0.8163104119182706,0.7228865719897954,0.7453416149068323,0.2972040150723531,0.2319922583943385,0.6746605390752732
292_TODS_id_6_Synthetic_tr_500_1st_11.csv,0.9111273288726808,0.0787282993913983,0.5845276700469488,0.8482204491298979,0.9089487319620384,0.1264231573897788,0.1253507951356408,0.124155110348284,0.215865561236708,0.6760639950672818
293_TODS_id_7_Synthetic_tr_500_1st_7.csv,0.9689884185791016,0.273773063432546,0.8342137870921033,0.6232973199580908,0.8996941003301238,0.2759341841095331,0.287686996547756,0.2756339581036379,0.3528573681556947,0.8282551258328972
294_TODS_id_8_Synthetic_tr_500_1st_200.csv,1.054046630859375,0.7346359327187346,0.9463168697323028,0.6750238488398762,0.8963310026032637,0.7216632060437407,0.7626310772163966,0.5000696087985517,0.470583447453235,0.8476031710680326
295_TODS_id_9_Synthetic_tr_1250_1st_2046.csv,1.088064432144165,0.6596767420760419,0.9598742977918684,0.7899260990315081,0.9660378103486544,0.6188295320972197,0.7960199004975125,0.5892505393490287,0.4687229294764938,0.8949603050454049
296_TODS_id_10_Synthetic_tr_500_1st_26.csv,0.8856806755065918,0.1104327177591397,0.6388524342180575,0.7741442726288837,0.8679913044338434,0.1573735843815766,0.1597222222222222,0.136482386650935,0.1855970379086705,0.670339612464309
297_TODS_id_11_Synthetic_tr_500_1st_7.csv,1.026935577392578,0.1799920203458658,0.8659336123604131,0.6442831513845653,0.9357671911689917,0.2904408789610737,0.3064633260711692,0.2911900163422965,0.4124498567732145,0.8783676856834326
298_TODS_id_12_Synthetic_tr_500_1st_0.csv,0.9817337989807128,0.0935329240541086,0.4958017166724751,0.5581642697526923,0.7614056351401669,0.2517050508770521,0.5818610129564193,0.2126560482135165,0.2873324996938076,0.7279736003386246
299_TODS_id_13_Synthetic_tr_500_1st_65.csv,0.9528849124908448,0.5058631481424095,0.8256748274687425,0.736022872740667,0.8668634450428744,0.5420014442018722,0.5434782608695652,0.230644924342588,0.1774575347402167,0.6962883464202572
301_TODS_id_15_Synthetic_tr_500_1st_245.csv,0.9196197986602784,0.5514779131152541,0.9289951644614486,0.6787628892899192,0.9262758569222588,0.5548342833339596,0.6554121151936445,0.4873621840546008,0.4625738546304296,0.8692968449243906
302_Power_id_1_Facility_tr_7685_1st_7785.csv,20.31840395927429,0.1909327183553058,0.6024356117353309,0.18500482805591,0.626409830668173,0.2481958216863604,0.8254230293025175,0.4757822546078006,0.2415819016857525,0.7648865851547583
304_UCR_id_2_Medical_tr_2499_1st_7000.csv,2.022180318832397,0.0304873465259566,0.9238942501005228,0.0337274352120072,0.924582713605954,0.0882342988778312,0.1418439716312056,0.088328075709779,0.1413748378728923,0.7857606724286319
309_UCR_id_7_Medical_tr_3000_1st_5948.csv,3.392199754714966,1.0,1.0,0.9976534530921924,0.9999951906639972,0.999995000025,0.5389221556886228,0.5389221556886223,0.5389221556886228,0.9977991285507444
326_UCR_id_24_Medical_tr_1875_1st_4187.csv,1.535179615020752,0.6355582873245916,0.9993546089820626,0.9264204267790233,0.999847611577387,0.6857097796214481,0.2727272727272727,0.2727272727272724,0.2727272727272727,0.9971784010470168
346_UCR_id_44_Medical_tr_7456_1st_17390.csv,15.83486533164978,0.5657328861134103,0.920019013179708,0.3936320896125267,0.9337745475734844,0.5740692815900775,0.5439330543933054,0.4352331606217612,0.2556426332288401,0.7703039324616446
361_UCR_id_59_Medical_tr_3000_1st_7175.csv,3.603276252746582,0.8699876780444167,0.997563560714418,0.9547285996407704,0.9992961006322548,0.8287889209053465,0.968181818181818,0.939130434782608,0.7827618473718505,0.9967567759124316
371_UCR_id_69_Medical_tr_1853_1st_6200.csv,1.5187511444091797,0.8422391041176672,0.9960110420979986,0.9467605924338848,0.9988415767365688,0.7572336020451008,0.9798270893371758,0.9510489510489504,0.7587956265769554,0.9955705618339712
382_UCR_id_80_Medical_tr_7500_1st_11800.csv,13.92199158668518,0.7157321259660654,0.9897204264870932,0.6633688794882149,0.9895542622483124,0.7551820216886617,0.8379888268156425,0.7642276422764223,0.3112426035502958,0.8754132144736312
391_UCR_id_89_Medical_tr_1875_1st_5759.csv,1.92095160484314,0.917785484422047,0.9978618869209808,0.9723263908781736,0.9994202784906604,0.8290106902482902,1.0,0.9999999999999996,0.8247422680412371,0.9981231507023152
396_UCR_id_94_Medical_tr_1875_1st_5607.csv,1.781100511550903,0.781436424864528,0.999033687152499,0.9396592178494442,0.9998176065788976,0.7123241058664938,0.5242718446601942,0.5242718446601938,0.5242718446601942,0.9975064098280508
415_UCR_id_113_Medical_tr_3000_1st_8612.csv,3.265544176101685,0.4770642201834862,0.9952084734364492,0.7085919967726119,0.9973255626441888,0.6459583596607948,0.6459627329192547,0.6459627329192542,0.6459627329192547,0.9953971061599508
436_UCR_id_134_Medical_tr_1875_1st_4526.csv,1.7098023891448977,0.4624507629393016,0.9975237585329942,0.8845560610690478,0.9995625085533496,0.6185524285553904,0.5660377358490566,0.5660377358490561,0.5660377358490566,0.9972207368213668
437_UCR_id_135_Medical_tr_2499_1st_8000.csv,1.83500337600708,0.9984615384615388,0.999995989170761,0.8395324574108438,0.9996700599062393,0.9803871588105628,0.3968253968253968,0.3968253968253964,0.2890173410404624,0.9764080752216868
307_UCR_id_5_Facility_tr_29895_1st_39240.csv,221.8137404918671,0.000528987180163,0.2448736162721926,0.0006475366220997,0.2616572925429648,0.0020517657329138,0.0022657005971065,0.0020358392535256,0.0057771931862071,0.7033252473572147
331_UCR_id_29_Facility_tr_50000_1st_837400.csv,13737.021256923676,0.0016680981757049,0.4505598352443504,0.0019480324443305,0.3504044393086236,0.0037706177935453,0.0124912744773871,0.0036031761330357,0.0030961984098797,0.6745294527168408
332_UCR_id_30_Facility_tr_13750_1st_52600.csv,48.4651505947113,0.9851685844763975,0.999943886861314,0.977030292224116,0.999951204789361,0.9259209533874724,0.5291005291005291,0.5291005291005286,0.390625,0.935333263492866
349_UCR_id_47_Facility_tr_29954_1st_74900.csv,239.64068579673767,0.0004511830102661,0.1270782347585677,0.0005864551870258,0.1456545338825064,0.0017124796566369,0.0019551735725705,0.0017043487523634,0.0086678920383089,0.6889981391719517
358_UCR_id_56_Facility_tr_10500_1st_29080.csv,29.940094470977783,0.0008757894484934,0.2502118105229693,0.0010417562995471,0.312548833464083,0.0028562982415919,0.0198052483908235,0.0028531348819515,0.0245116294458229,0.8388471983769625
406_UCR_id_104_Facility_tr_20000_1st_67950.csv,101.86379551887512,0.9975087943573192,0.99999197492163,0.9540264642625804,0.9999071687454608,0.9661977835039304,0.4721435316336166,0.4721435316336162,0.3949447077409163,0.9165154069077486
419_UCR_id_117_Facility_tr_3000_1st_6168.csv,3.108550548553467,0.9994949494949494,0.9999980990906048,0.9965840098946503,0.9999929992151568,0.9887590456003312,0.5301204819277109,0.5301204819277104,0.5301204819277109,0.997777859927133
420_UCR_id_118_Facility_tr_13750_1st_52600.csv,47.49673271179199,0.8856203833781936,0.9995951642335766,0.8525410939036405,0.999562760980372,0.8315959734206128,0.5291005291005291,0.5291005291005286,0.0715691536947575,0.8799394537316737
432_UCR_id_130_Facility_tr_23000_1st_26970.csv,161.69541382789612,0.0062629203017823,0.5781650308978554,0.0090074849622038,0.6312597042290892,0.0144945932257298,0.0280912027716653,0.0140584184279268,0.0176664959112371,0.7475578224802092
452_UCR_id_150_Facility_tr_10000_1st_35774.csv,28.682032108306885,0.99990099009901,0.9999997493734336,0.8598046628823344,0.9997170676821248,0.9950198757707734,0.396039603960396,0.3960396039603956,0.1367989056087551,0.8896871071443541
471_UCR_id_169_Facility_tr_10000_1st_35774.csv,25.5883264541626,0.9775507004466948,0.9999401002506264,0.8465694750270069,0.9996903536138142,0.9023206057602656,0.396039603960396,0.3960396039603956,0.2325581395348837,0.7152420687164274
494_UCR_id_192_Facility_tr_22500_1st_72150.csv,125.10068130493164,0.0350109593859467,0.9325061689778612,0.0389057062692611,0.938593613581656,0.0972261825147087,0.2866638969671791,0.1061946902654866,0.1771347918136908,0.6674416023501446
500_UCR_id_198_Facility_tr_7482_1st_23357.csv,17.283296585083008,0.0615668543548233,0.9129777108954344,0.0678759681716928,0.9131062565147636,0.1672401083482903,0.23841059602649,0.1690063308560416,0.1520552928337577,0.7151136410037934
517_UCR_id_215_Facility_tr_7482_1st_24005.csv,16.0900981426239,0.9484339174516508,0.9998451053283768,0.6466522060257675,0.9992839828938838,0.8661368219014821,0.384,0.3839999999999996,0.288,0.7771980326690123
525_UCR_id_223_Facility_tr_50000_1st_250720.csv,1487.6493663787842,0.0026989781330489,0.6367628380845602,0.0030061159141207,0.6566285904714912,0.0077836994136577,0.0233004140304339,0.007709085708156,0.0069867918295018,0.671650842328279
310_UCR_id_8_HumanActivity_tr_2631_1st_8285.csv,2.774477005004883,0.0393979326721492,0.9651642208245982,0.053734527801287,0.9650016423548192,0.1271174536882514,0.131004366812227,0.1233480176211452,0.2407799915218312,0.7211512749470925
311_UCR_id_9_HumanActivity_tr_16000_1st_38400.csv,58.455103158950806,0.3078285416057522,0.8738346518987341,0.2442313182122398,0.8933813732606015,0.3861949491561201,0.7858546168958742,0.4918414918414914,0.3727307545001915,0.6672240646004652
315_UCR_id_13_HumanActivity_tr_16000_1st_33070.csv,55.97608923912048,0.3674796934154451,0.99119367094011,0.2732215725243713,0.995899702325708,0.4270784397262114,0.2831402831402831,0.2442333785617365,0.2180974477958236,0.6666735541084968
334_UCR_id_32_HumanActivity_tr_1671_1st_2764.csv,1.5338315963745115,0.0478395589089852,0.6769850326335682,0.0490568464080828,0.6803270995750322,0.1193939143537096,0.275820895522388,0.1189785258270457,0.1992850759606791,0.7870401919015464
341_UCR_id_39_HumanActivity_tr_48812_1st_128430.csv,607.5948085784912,4.925865720900448e-05,0.8960301973377585,0.0003613187068298,0.9231816481731682,9.851147676017648e-05,9.218289085545724e-05,9.218289085545712e-05,0.0001153735217767,0.6940553999484262
355_UCR_id_53_HumanActivity_tr_48750_1st_143411.csv,594.3633205890656,0.5837568720935118,0.9998202924576706,0.6970333395963147,0.9996620511278124,0.7729035729888888,0.0934579439252336,0.0934579439252335,0.0575539568345323,0.6667412294422591
381_UCR_id_79_HumanActivity_tr_16000_1st_31200.csv,61.13557982444763,0.0162873613551966,0.6927541740027928,0.0207542837581629,0.7247146197484627,0.0407384775280741,0.4071406201064829,0.0473074987418217,0.2120559509836648,0.6667194539215116
401_UCR_id_99_HumanActivity_tr_1671_1st_5920.csv,1.1122808456420898,0.9977980716835378,0.9999795330988168,0.9953477100532568,0.9999715365779788,0.9743539747498852,0.9291338582677166,0.929133858267716,0.6178010471204188,0.9993262968785084
421_UCR_id_119_HumanActivity_tr_48750_1st_130700.csv,625.8857975006104,0.0076601978885689,0.640833710816781,0.0084611720212048,0.655852125436881,0.0213899688449765,0.1670678182075605,0.0212608564618208,0.0171772769976845,0.7689448527857083
430_UCR_id_128_HumanActivity_tr_12500_1st_46500.csv,37.12570405006409,0.0133041276420042,0.7316177062374245,0.0142821162705395,0.7525525240012167,0.0368707012642214,0.1176932130247155,0.0370991961840826,0.057063326374391,0.6666761590556024
439_UCR_id_137_HumanActivity_tr_48750_1st_110800.csv,613.7232301235199,0.008,0.9996820496515368,0.4337436286178458,0.9998184883234364,0.0158728584041824,0.0009990009990009,0.0009990009990009,0.000991571641051,0.6690002289538575
459_UCR_id_157_HumanActivity_tr_50000_1st_110260.csv,647.4990906715393,0.1136031293810602,0.994929501684438,0.0817636476803265,0.9943389174632226,0.2550791389216625,0.1363228699551569,0.0897920604914933,0.0679611650485436,0.8215892623571691
473_UCR_id_171_HumanActivity_tr_2617_1st_7290.csv,2.6376655101776123,0.0019364832763397,0.8317561970305232,0.0027629036854557,0.8526293226503328,0.0062337040910225,0.0070505287896592,0.005955334987593,0.0093603744149765,0.6689181464582857
516_UCR_id_214_HumanActivity_tr_2108_1st_4702.csv,1.906679630279541,0.0024251048058777,0.8560104426248961,0.0036193349393764,0.8591122914623546,0.0076981527220198,0.0083263946711074,0.0073099415204678,0.0527383367139959,0.7297087515215208
530_UCR_id_228_HumanActivity_tr_16250_1st_38500.csv,61.051398038864136,0.0375673456691912,0.8499493560020608,0.0457881753108215,0.8830671942662245,0.1334611542473595,0.2419354838709677,0.1335701598579039,0.1229050279329608,0.6677484472159936
319_UCR_id_17_Environment_tr_6166_1st_19280.csv,9.573948860168455,0.0327425055307863,0.9065922491533032,0.0381585039934756,0.9067614967188076,0.1027857348309185,0.1271354787445371,0.1027788351732012,0.2679154868220431,0.6717718834865546
385_UCR_id_83_Environment_tr_2046_1st_6006.csv,1.6495893001556396,0.1257666273598033,0.5516800331858407,0.2466062993921656,0.6659925628001515,0.3055511111757566,0.5303867403314917,0.2056074766355138,0.1764295676429567,0.7531441762059617
387_UCR_id_85_Environment_tr_2046_1st_5549.csv,1.6417043209075928,0.0380535346222014,0.9272676991150444,0.0477731807856781,0.935343835625837,0.0906330961034197,0.2313253012048192,0.0922570016474463,0.1411764705882353,0.7298684273206325
393_UCR_id_91_Environment_tr_2046_1st_4852.csv,1.6908552646636963,0.999140802154195,0.9999948787282856,0.9583727217187644,0.9998310977289394,0.9896857222061456,0.732824427480916,0.7328244274809155,0.5161290322580645,0.9503987737408084
400_UCR_id_98_Environment_tr_2046_1st_5391.csv,1.506068468093872,0.0038167938931297,0.968104607112306,0.0119230834096679,0.9795210736293952,0.0076044869819167,0.0060240963855421,0.0060240963855421,0.0048192771084337,0.7667104062504141
411_UCR_id_109_Environment_tr_2046_1st_4852.csv,1.4784696102142334,1.0,1.0,0.9580726038713104,0.999829879535344,0.999995000025,0.732824427480916,0.7328244274809155,0.5217391304347826,0.9468055169013436
445_UCR_id_143_Environment_tr_6166_1st_19280.csv,8.98971939086914,0.0374543547920479,0.9213987330150568,0.0408394630639544,0.9214338411494296,0.1096967422615849,0.1596806387225549,0.1063829787234041,0.2193004217315802,0.6694223979869625
463_UCR_id_161_Environment_tr_2046_1st_6006.csv,1.5138270854949951,0.1285832901033918,0.5681782100131105,0.2448828926211984,0.6764895509280743,0.3055511111757566,0.5303867403314917,0.2056074766355138,0.1764295676429567,0.7576368939626584
467_UCR_id_165_Environment_tr_6166_1st_19280.csv,10.148446321487429,0.0105683220246648,0.7008839311217203,0.011505228406346,0.7012475371812522,0.0385863814988053,0.045473923546966,0.0381770460510617,0.1221877424359969,0.6685868437846828
474_UCR_id_172_Environment_tr_2046_1st_6520.csv,1.6844792366027832,0.9983333333333332,0.9999948937908496,0.9189048367159264,0.9998359872284004,0.979586838842659,0.4485981308411215,0.4485981308411211,0.4485981308411214,0.9976707759481236
495_UCR_id_193_Environment_tr_2046_1st_6520.csv,1.5849628448486328,0.9983333333333332,0.9999948937908496,0.9189048367159264,0.9998359872284004,0.979586838842659,0.4485981308411215,0.4485981308411211,0.4485981308411214,0.9976678178787836
496_UCR_id_194_Environment_tr_2046_1st_5391.csv,1.537945032119751,0.0037878787878787,0.967860197971404,0.0086405326985582,0.9770696211384204,0.0075470946251705,0.0060240963855421,0.0060240963855421,0.0056179775280898,0.7637015175501966
499_UCR_id_197_Environment_tr_2046_1st_5703.csv,1.3353464603424072,0.9950587606837608,0.999984681372549,0.91433295063083,0.9998267396222548,0.9599950080259584,0.4485981308411215,0.4485981308411211,0.3428571428571428,0.8848264559684884
504_UCR_id_202_Environment_tr_2046_1st_5549.csv,1.461080551147461,0.0348561648094758,0.9166845911176664,0.0437897005289409,0.9268942495644348,0.0900546462850488,0.2302158273381295,0.0923076923076922,0.1436031331592689,0.713198719627402
506_UCR_id_204_Environment_tr_2046_1st_5549.csv,1.5760900974273682,0.023907167785389,0.8847893108816781,0.0294363523753675,0.8953930017011387,0.0605315929821751,0.1646655231560892,0.0599739243807039,0.0834437086092715,0.7111521668193225
313_UCR_id_11_Sensor_tr_2827_1st_4711.csv,2.560516595840454,0.7988596204538579,0.9987492945438656,0.9384139760083168,0.9996523948776012,0.8596442213268082,0.8789237668161435,0.8669950738916251,0.834826604827659,0.9986556524961006
316_UCR_id_14_Sensor_tr_2833_1st_5988.csv,2.546616315841675,0.9829047269116766,0.9998458700041928,0.984650537462389,0.9999099579105906,0.9207870870773543,0.9107981220657276,0.9099526066350704,0.906522699386503,0.9991533559798076
339_UCR_id_37_Sensor_tr_2750_1st_5400.csv,2.5687360763549805,0.6103570472247973,0.943173148148148,0.5958476047859844,0.963429813831986,0.6307644970769449,0.898876404494382,0.7486033519553068,0.5791245791245792,0.8371077579417263
344_UCR_id_42_Sensor_tr_2851_1st_5365.csv,2.191766262054444,0.0097556320878486,0.9299329880314868,0.0162812257145545,0.931953426341544,0.0344033316094588,0.036231884057971,0.0320170757737459,0.1174664107485604,0.7401700698273683
364_UCR_id_62_Sensor_tr_2833_1st_5988.csv,2.889008045196533,0.9828132706033232,0.999846787444644,0.984650537462389,0.9999099579105908,0.9215636394925872,0.9107981220657276,0.9099526066350704,0.906522699386503,0.9991533559798076
369_UCR_id_67_Sensor_tr_2750_1st_5400.csv,2.559576272964477,0.6954532794451409,0.9521703703703704,0.6968062273880241,0.9651299187094105,0.6693996770585576,0.9478672985781992,0.8910891089108905,0.5888157894736842,0.925600251639056
373_UCR_id_71_Sensor_tr_2827_1st_5988.csv,2.742505550384521,0.1066737141228997,0.9663456454310796,0.1182439343282157,0.9674296995229056,0.2566816318263802,0.3864541832669322,0.2656546489563565,0.2838323353293413,0.8300464766415155
405_UCR_id_103_Sensor_tr_2827_1st_5988.csv,3.016369581222534,0.2944223512409174,0.990783168592702,0.3708708551965657,0.9908478859819012,0.5999957752250606,0.6666666666666666,0.5950920245398769,0.6198083067092652,0.9635864947323464
417_UCR_id_115_Sensor_tr_2750_1st_5400.csv,2.457819700241089,0.6657962873135392,0.9239958333333332,0.6541998842856571,0.942434604028194,0.630733726196933,0.9433962264150944,0.8799999999999994,0.5819397993311036,0.9184096285286584
426_UCR_id_124_Sensor_tr_2827_1st_4711.csv,2.4604897499084477,0.7755788872861406,0.9985881774654556,0.9309331675819432,0.9996000082255349,0.8484799632971809,0.875,0.8613861386138607,0.8262776831345826,0.9985872240348196
449_UCR_id_147_Sensor_tr_2847_1st_9330.csv,2.8992812633514404,0.9007936507936508,0.9998505888556865,0.7063845589490689,0.9994061110002548,0.8421002770378333,0.1587301587301587,0.1587301587301585,0.1587301587301587,0.9968257054072356
493_UCR_id_191_Sensor_tr_2847_1st_9330.csv,2.4095492362976074,0.9406417112299464,0.9999208999824222,0.7191795019388393,0.999431978970958,0.8888839506447186,0.1587301587301587,0.1587301587301585,0.1587301587301587,0.996911021003234
526_UCR_id_224_Sensor_tr_2827_1st_4711.csv,3.0066308975219727,0.6843650264701922,0.997658795900162,0.8635952599585345,0.9991038306495804,0.7871438209350617,0.8340425531914893,0.7958115183246067,0.7320474421948006,0.9977239099897834
531_SMAP_id_1_Sensor_tr_1811_1st_4510.csv,1.7055792808532717,0.7160550237983307,0.9974095273550808,0.899597704333902,0.9980688251123142,0.7941128590254087,0.9310344827586208,0.8124999999999996,0.7864077669902912,0.9975349406522436
532_SMAP_id_2_Sensor_tr_2075_1st_5550.csv,1.6326828002929688,0.4569331178447399,0.8973810744657178,0.4673796837715515,0.9181062585358968,0.4571393306394493,1.0,0.9999999999999996,0.6082474226804123,0.9904860127498684
533_SMAP_id_3_Sensor_tr_2052_1st_5300.csv,1.6087369918823242,0.9735633033385912,0.9774218540765964,0.9739031595110736,0.979724869990726,0.9762507106070932,1.0,0.9999999999999996,0.4632407661274529,0.9998053094464368
534_SMAP_id_4_Sensor_tr_1968_1st_4370.csv,1.4157931804656982,0.4014245150995562,0.9949395071846968,0.7205687227932245,0.9742703319752118,0.5795413384848118,0.8095238095238095,0.5862068965517236,0.5795454545454546,0.99659806731076
536_SMAP_id_6_Sensor_tr_2160_1st_5600.csv,1.6910312175750732,0.99903837186152,0.9999884049770476,0.9991440844772846,0.9999947369805277,0.980577526182512,1.0,0.9999999999999996,0.9457202505219208,0.9999444184363468
537_SMAP_id_7_Sensor_tr_2077_1st_5394.csv,1.6658518314361572,0.99998738042957,0.9999995567668626,0.9980377653307482,0.999963200735399,0.998218801106538,1.0,0.9999999999999996,0.9569413511507052,0.9998712957095638
538_SMAP_id_8_Sensor_tr_2007_1st_3650.csv,1.3852126598358154,0.7254613076363354,0.8581882816301177,0.7224737777974406,0.8583639505494159,0.8141544647478638,1.0,0.9999999999999996,0.8283709007151812,0.9984103508587028
539_SMAP_id_9_Sensor_tr_1857_1st_4270.csv,1.1698923110961914,0.488,0.9956580732700137,0.8227008763506916,0.9984938837939226,0.6559095705001982,0.6559139784946236,0.6559139784946232,0.6559139784946236,0.9967814925018488
540_SMAP_id_10_Sensor_tr_2051_1st_4575.csv,1.6800448894500732,0.9737270946424946,0.9993510037317286,0.9872263873091468,0.9997763255779558,0.9051045340992658,1.0,0.9999999999999996,0.888738453475422,0.9986931778043302
541_SMAP_id_11_Sensor_tr_1832_1st_5300.csv,1.374476432800293,0.7063887684975289,0.8163601186152218,0.7033861672552649,0.8173104261438473,0.7362590025663603,1.0,0.9999999999999996,0.7486033519553074,0.9922329885572932
542_SMAP_id_12_Sensor_tr_1908_1st_4690.csv,1.377216339111328,0.2412407094804454,0.994190068369612,0.6320901579171317,0.9976391190701378,0.5391264968151537,0.5486725663716814,0.5142857142857138,0.3764044943820224,0.9974190223829094
544_SMAP_id_14_Sensor_tr_1978_1st_4450.csv,1.4804534912109375,0.9756882121597152,0.9995878231172348,0.9876952257171522,0.9998715060160916,0.9170682051428892,1.0,0.9999999999999996,0.8742393509127789,0.9996008443196042
545_SMAP_id_15_Sensor_tr_1173_1st_2750.csv,1.1312718391418457,0.0420448884210423,0.8781331576146185,0.0578120309248731,0.8849111836279708,0.1442702313822944,0.1658536585365853,0.1426573426573425,0.2956521739130434,0.8450804312351095
546_SMAP_id_16_Sensor_tr_2117_1st_4770.csv,1.7355809211730957,0.8399439355040942,0.9951242837399564,0.9040759729228036,0.9977617841704736,0.7725271963335408,0.9641434262948207,0.9447852760736192,0.7914086177361972,0.9982521554786355
547_SMAP_id_17_Sensor_tr_2133_1st_5400.csv,1.899726152420044,0.5835811285330589,0.8912690035347909,0.5924173413580548,0.9011385555451772,0.584086774022043,1.0,0.9999999999999996,0.5936794582392777,0.992436297887754
548_SMAP_id_18_Sensor_tr_2094_1st_5600.csv,1.7731845378875732,0.9751666701511246,0.9998683190191232,0.9853551969251096,0.9999414458893272,0.9010939500332416,0.6507936507936508,0.6507936507936503,0.6507936507936508,0.9980269028003338
549_SMAP_id_19_Sensor_tr_1998_1st_2098.csv,2.009166955947876,0.8188318358959599,0.9376110262319703,0.9340785664581744,0.9881004789449274,0.8952829648588567,0.9735449735449736,0.939024390243902,0.4161684137154184,0.9978402874134144
550_SWaT_id_1_Sensor_tr_43700_1st_43800.csv,3007.611989736557,0.0680508441231981,0.1476093676989174,0.0698131053802807,0.1388743393651667,0.2152807561758911,0.7604465827554046,0.2152793420745052,0.973006851887209,0.6903935834150143
551_YAHOO_id_1_Synthetic_tr_500_1st_893.csv,0.3590207099914551,1.0,1.0,1.0,1.0,0.999995000025,0.125,0.1249999999999998,0.125,0.9973658215344084
552_YAHOO_id_2_Synthetic_tr_500_1st_893.csv,0.307607889175415,1.0,1.0,1.0,1.0,0.999995000025,0.125,0.1249999999999998,0.125,0.9973186565057856
555_YAHOO_id_5_WebService_tr_500_1st_730.csv,0.3900051116943359,0.2986736624031706,0.980310262529833,0.5095435343202135,0.987954614545656,0.3999968000255998,0.1111111111111111,0.111111111111111,0.2670487106017192,0.9836708271370704
558_YAHOO_id_8_WebService_tr_500_1st_1125.csv,0.3296442031860351,0.1567782422823349,0.8514198218262805,0.1233319704426833,0.5684348713466338,0.3658505175760442,0.5543859649122806,0.3112033195020742,0.293408929836995,0.6788004372716958
562_YAHOO_id_12_Synthetic_tr_500_1st_893.csv,0.5436203479766846,1.0,1.0,1.0,1.0,0.999995000025,0.125,0.1249999999999998,0.125,0.9961853630969196
570_YAHOO_id_20_Synthetic_tr_500_1st_658.csv,2.4905755519866943,0.6515151515151515,0.9971771347918136,0.965507969906111,0.999831499432296,0.6666622222518517,0.4210526315789473,0.421052631578947,0.5882352941176471,0.9977288706383352
571_YAHOO_id_21_Synthetic_tr_500_1st_623.csv,0.1788921356201172,0.0849206349206349,0.9652974504249292,0.489585445399154,0.979406100411682,0.1538447337409193,0.1538461538461538,0.1538461538461537,0.1363636363636363,0.9671125512920092
579_YAHOO_id_29_WebService_tr_500_1st_1342.csv,0.3420042991638183,1.0,1.0,1.0,1.0,0.999995000025,0.1111111111111111,0.111111111111111,0.1111111111111111,0.997155799009796
603_YAHOO_id_53_Synthetic_tr_500_1st_893.csv,0.1579010486602783,0.25,0.998943661971831,0.404836777354263,0.9991616018150686,0.3999968000255998,0.1111111111111111,0.111111111111111,0.0952380952380952,0.862450555660199
644_YAHOO_id_94_WebService_tr_500_1st_1078.csv,0.2489998340606689,0.9672438897287656,0.9985784313725492,0.9937793234814144,0.999713982411966,0.9367038736045044,0.9801324503311258,0.9259259259259254,0.6429550379276419,0.986081391324098
645_YAHOO_id_95_WebService_tr_500_1st_1047.csv,0.3750042915344238,1.0,1.0,1.0,1.0,0.999995000025,0.1111111111111111,0.111111111111111,0.1111111111111111,0.997472620050547
649_YAHOO_id_99_WebService_tr_500_1st_1386.csv,3.491103410720825,1.0,1.0,1.0,1.0,0.999995000025,0.1111111111111111,0.111111111111111,0.1111111111111111,0.997472620050547
657_YAHOO_id_107_WebService_tr_500_1st_1260.csv,0.124422550201416,1.0,1.0,1.0,1.0,0.999995000025,0.125,0.1249999999999998,0.054054054054054,0.6665012792587293
658_YAHOO_id_108_Synthetic_tr_500_1st_893.csv,0.4515621662139892,1.0,1.0,1.0,1.0,0.999995000025,0.125,0.1249999999999998,0.125,0.9973658215344084
672_YAHOO_id_122_WebService_tr_500_1st_857.csv,0.1863420009613037,1.0,1.0,1.0,1.0,0.999995000025,0.1111111111111111,0.111111111111111,0.1111111111111111,0.997472620050547
680_YAHOO_id_130_Synthetic_tr_500_1st_893.csv,0.4769551753997803,1.0,1.0,1.0,1.0,0.999995000025,0.125,0.1249999999999998,0.125,0.9973658215344084
689_YAHOO_id_139_WebService_tr_500_1st_1073.csv,0.2294609546661377,0.0178571428571428,0.9672424061941632,0.0570149316273383,0.9667765422232912,0.0350873745801795,0.0289855072463768,0.0289855072463767,0.1052631578947368,0.8786808009422845
693_YAHOO_id_143_WebService_tr_500_1st_1003.csv,0.1734290122985839,0.5030211480362538,0.884561403508772,0.4598587209221164,0.8825716807674391,0.6666622222518517,0.1176470588235294,0.1176470588235292,0.2868965517241379,0.7480409244304926
701_YAHOO_id_151_Synthetic_tr_500_1st_893.csv,3.27055287361145,1.0,1.0,1.0,1.0,0.999995000025,0.125,0.1249999999999998,0.125,0.9973658215344084
723_YAHOO_id_173_WebService_tr_500_1st_1214.csv,0.1593730449676513,0.0562678062678062,0.9823695345557122,0.6968315897796076,0.9964040018325592,0.1379297503092212,0.1290322580645161,0.129032258064516,0.0666666666666666,0.9848898770623644
724_YAHOO_id_174_WebService_tr_500_1st_1030.csv,0.1835408210754394,0.2416084129242024,0.9552238805970148,0.4344544812707693,0.966956524921748,0.3333305555787035,0.1025641025641025,0.1025641025641023,0.5100974313551816,0.9351487025070896
734_YAHOO_id_184_WebService_tr_500_1st_768.csv,0.1721501350402832,0.9655800920588078,0.9932246180797072,0.9871669831084944,0.9974913762306468,0.904377515860222,1.0,0.9999999999999996,0.8922727697180347,0.9874332815114192
741_YAHOO_id_191_WebService_tr_500_1st_1114.csv,0.1989023685455322,0.5476190476190477,0.9943384982121573,0.7173242270346235,0.9975100476961128,0.6666622222518517,0.1111111111111111,0.111111111111111,0.1650485436893203,0.9921679679829736
755_YAHOO_id_205_Synthetic_tr_500_1st_893.csv,0.5926053524017334,0.008,0.956338028169014,0.4337436286178458,0.9747239299793836,0.0158728584041824,0.0158730158730158,0.0158730158730158,0.0158730158730158,0.9775095269344564
762_YAHOO_id_212_WebService_tr_500_1st_1055.csv,0.2384359836578369,0.0119707303211139,0.9278903456495828,0.0570575973253246,0.9353574786780218,0.0258061968807662,0.0258064516129032,0.0258064516129031,0.5045045045045045,0.9010287299145052
780_YAHOO_id_230_Synthetic_tr_500_1st_893.csv,2.8184964656829834,0.0064935064935064,0.9461267605633804,0.4331835784495343,0.9687230671486952,0.0129030976079334,0.0129032258064516,0.0129032258064515,0.0129032258064516,0.9721422431811664
788_YAHOO_id_238_WebService_tr_500_1st_973.csv,0.2669463157653808,1.0,1.0,1.0,1.0,0.999995000025,0.1111111111111111,0.111111111111111,0.1111111111111111,0.9973318354163736
797_YAHOO_id_247_Synthetic_tr_500_1st_893.csv,1.343759059906006,0.0014285714285714,0.5077464788732394,0.0020798356952624,0.5168825721609741,0.0028530385573895,0.0028169014084507,0.0028169014084507,0.0689655172413793,0.666588249598883
806_YAHOO_id_256_Synthetic_tr_500_1st_893.csv,0.4711947441101074,1.0,1.0,1.0,1.0,0.999995000025,0.125,0.1249999999999998,0.125,0.9973186565057856
807_YAHOO_id_257_WebService_tr_500_1st_1210.csv,0.1772959232330322,0.1487496560024475,0.9649441866298758,0.5039157655142794,0.9830598857516236,0.3505125730921807,0.3578947368421052,0.3269230769230766,0.511833132771761,0.873441748487976
810_Exathlon_id_1_Facility_tr_10766_1st_12590.csv,26.41581702232361,0.8539498093033218,0.9896164538723472,0.8568470596436145,0.9901110917317074,0.950386186208516,0.9848745584639071,0.960095623390952,0.6057404244729571,0.9849900588828489
811_Exathlon_id_2_Facility_tr_10766_1st_12590.csv,31.350663661956787,0.9805874094967596,0.9843868610586656,0.9808795998119186,0.9850699165348116,0.9857980996231396,1.0,0.9999999999999996,0.4047988521320498,0.999132118898824
812_Exathlon_id_3_Facility_tr_10766_1st_12590.csv,35.09759163856506,0.7711429881306808,0.8343072132764523,0.7698185106585202,0.8343732130474009,0.7833740743290125,1.0,0.9999999999999996,0.6486591976614082,0.99952951307248
814_Exathlon_id_5_Facility_tr_10766_1st_12590.csv,28.165860414505005,0.9805874094967596,0.9843868610586656,0.9808795998119186,0.9850699165348116,0.9857980996231396,1.0,0.9999999999999996,0.4047988521320498,0.999132118898824
815_Exathlon_id_6_Facility_tr_10766_1st_12590.csv,32.86775469779968,0.7711429881306808,0.8343072132764523,0.7698185106585202,0.8343732130474009,0.7833740743290125,1.0,0.9999999999999996,0.6486591976614082,0.99952951307248
816_Exathlon_id_7_Facility_tr_10766_1st_12590.csv,35.082480669021606,0.9136801372830612,0.9803121893144208,0.9141116655953332,0.9811424207177214,0.8924231039517172,0.9972487160674982,0.976889933411672,0.3388545234029943,0.9835045326914232
817_Exathlon_id_8_Facility_tr_10766_1st_12590.csv,32.54849934577942,0.6396208898363667,0.9543489151533672,0.6459697929278996,0.9551063830880782,0.8093003672624249,0.990706997084548,0.8671874999999994,0.3174489734258265,0.9247599981098432
818_Exathlon_id_9_Facility_tr_11665_1st_13484.csv,37.2611780166626,0.96229705108866,0.973832247109693,0.961506950004454,0.97401111448333,0.9729869363280436,1.0,0.9999999999999996,0.8268018090472411,0.9997232105000888
819_Exathlon_id_10_Facility_tr_10766_1st_12590.csv,34.70731258392334,0.970531894969726,0.982629832464056,0.9702879412227824,0.9828369571405228,0.9715416263539874,0.9995403989337256,0.9984654731457796,0.6497766673395666,0.998877666390828
820_Exathlon_id_11_Facility_tr_11665_1st_13484.csv,31.8107385635376,0.8858465795122251,0.993263590665749,0.8842694380138172,0.9939371128707885,0.8872960838301288,0.9930473121926404,0.9545957918050936,0.4273773954808866,0.99700426551052
821_Exathlon_id_12_Facility_tr_6985_1st_7085.csv,31.91871929168701,0.9555359729128026,0.9719449640222968,0.9560704044791848,0.9739171276455812,0.966368188005142,1.0,0.9999999999999996,0.5147067212271729,0.9997489928419728
822_Exathlon_id_13_Facility_tr_10766_1st_12590.csv,32.41989040374756,0.6396208898363667,0.9543489151533672,0.6459697929278996,0.9551063830880782,0.8093003672624249,0.990706997084548,0.8671874999999994,0.3174489734258265,0.9247599981098432
823_Exathlon_id_14_Facility_tr_10766_1st_12590.csv,33.06893277168274,0.9871064967689764,0.9879505617101668,0.9869606357034624,0.9880034571469436,0.990432285785593,1.0,0.9999999999999996,0.9839977845043132,0.9999386394825788
824_Exathlon_id_15_Facility_tr_10766_1st_12590.csv,35.69700002670288,0.9380578974374412,0.9789245894130324,0.938177114479168,0.979308906669244,0.8914449080093617,1.0,0.9999999999999996,0.3511698124523962,0.9991526876042408
826_Exathlon_id_17_Facility_tr_11665_1st_13484.csv,34.91933274269104,0.8858465795122251,0.993263590665749,0.8842694380138172,0.9939371128707885,0.8872960838301288,0.9930473121926404,0.9545957918050936,0.4273773954808866,0.99700426551052
827_Exathlon_id_18_Facility_tr_10766_1st_12590.csv,34.22880482673645,0.9380578974374412,0.9789245894130324,0.938177114479168,0.979308906669244,0.8914449080093617,1.0,0.9999999999999996,0.3511698124523962,0.9991526876042408
828_Exathlon_id_19_Facility_tr_11663_1st_13482.csv,32.640045404434204,0.9292488173447592,0.996808252772665,0.9319084915356124,0.9970425814896628,0.9172231186715892,0.995945945945946,0.9739130434782602,0.6004433014496671,0.9925198137241186
829_Exathlon_id_20_Facility_tr_10766_1st_12590.csv,34.10708999633789,0.9136801372830612,0.9803121893144208,0.9141116655953332,0.9811424207177214,0.8924231039517172,0.9972487160674982,0.976889933411672,0.3388545234029943,0.9835045326914232
830_Exathlon_id_21_Facility_tr_10766_1st_12590.csv,29.69282913208008,0.987730804611958,0.9985390041226728,0.9873079929828624,0.9985893906476868,0.9665330850200096,1.0,0.9999999999999996,0.3985463923810544,0.9989810859126648
831_Exathlon_id_22_Facility_tr_11665_1st_13484.csv,31.88756346702576,0.8858465795122251,0.993263590665749,0.8842694380138172,0.9939371128707885,0.8872960838301288,0.9930473121926404,0.9545957918050936,0.4273773954808866,0.99700426551052
832_Exathlon_id_23_Facility_tr_10766_1st_12590.csv,32.74082803726196,0.9136801372830612,0.9803121893144208,0.9141116655953332,0.9811424207177214,0.8924231039517172,0.9972487160674982,0.976889933411672,0.3388545234029943,0.9835045326914232
833_Exathlon_id_24_Facility_tr_10766_1st_12590.csv,33.13184237480164,0.7711429881306808,0.8343072132764523,0.7698185106585202,0.8343732130474009,0.7833740743290125,1.0,0.9999999999999996,0.6486591976614082,0.99952951307248
834_Exathlon_id_25_Facility_tr_11665_1st_13484.csv,32.6344256401062,0.8858465795122251,0.993263590665749,0.8842694380138172,0.9939371128707885,0.8872960838301288,0.9930473121926404,0.9545957918050936,0.4273773954808866,0.99700426551052
835_Exathlon_id_26_Facility_tr_10766_1st_12590.csv,30.32416343688965,0.9297589339728988,0.9847085427759308,0.9286579483585374,0.9855012526342574,0.9271295591004074,0.9993566767760316,0.9918887601390493,0.4665106067462226,0.9953752797572448
836_Exathlon_id_27_Facility_tr_10766_1st_12590.csv,31.813870191574097,0.7711429881306808,0.8343072132764523,0.7698185106585202,0.8343732130474009,0.7833740743290125,1.0,0.9999999999999996,0.6486591976614082,0.99952951307248
837_Exathlon_id_28_Facility_tr_8898_1st_8998.csv,39.62955117225647,0.0429309433814297,0.0011904293299745,0.0478764981904736,0.0273195153371688,0.1539725801189405,0.1554441403831172,0.1539405211816615,0.5249774152201948,0.6699864014044329
838_Exathlon_id_29_Facility_tr_10766_1st_12590.csv,34.29566550254822,0.6396208898363667,0.9543489151533672,0.6459697929278996,0.9551063830880782,0.8093003672624249,0.990706997084548,0.8671874999999994,0.3174489734258265,0.9247599981098432
839_Exathlon_id_30_Facility_tr_10766_1st_12590.csv,36.556593894958496,0.9136801372830612,0.9803121893144208,0.9141116655953332,0.9811424207177214,0.8924231039517172,0.9972487160674982,0.976889933411672,0.3388545234029943,0.9835045326914232
840_Exathlon_id_31_Facility_tr_10766_1st_12590.csv,33.08413767814636,0.9380578974374412,0.9789245894130324,0.938177114479168,0.979308906669244,0.8914449080093617,1.0,0.9999999999999996,0.3511698124523962,0.9991526876042408
841_Exathlon_id_32_Facility_tr_11663_1st_13482.csv,34.342899322509766,0.9604443384376712,0.9784444817700104,0.9601725544514912,0.9789815997435772,0.9715631184928076,1.0,0.9999999999999996,0.657366301951026,0.9995860598884104
842_OPPORTUNITY_id_1_HumanActivity_tr_7295_1st_27516.csv,13.316870212554932,0.982060834744368,0.9998917148750784,0.9849079479217672,0.9999093359845614,0.98654208613203,0.993975903614458,0.9931740614334466,0.4253033489726582,0.9999161424485432
843_OPPORTUNITY_id_2_HumanActivity_tr_808_1st_908.csv,1.929940223693848,0.4004807141390997,0.7732437357076556,0.4075257258752387,0.7741805281258008,0.6248772157972654,0.8787995382839554,0.7985654512851161,0.3792474938159093,0.8819382148900987
844_OPPORTUNITY_id_3_HumanActivity_tr_500_1st_566.csv,4.115951299667358,0.989063511133016,0.9992404249676898,0.9897391778564234,0.9994267205617688,0.9387906668026552,1.0,0.9999999999999996,0.7614828579561101,0.999146693560173
845_OPPORTUNITY_id_4_HumanActivity_tr_7295_1st_27516.csv,12.010525941848757,0.8474875552377585,0.9993063870368736,0.9034211848535024,0.9994309015099678,0.967736940712564,0.9691629955947136,0.9630931458699468,0.3767231791843549,0.9995583443989338
846_OPPORTUNITY_id_5_HumanActivity_tr_2085_1st_2185.csv,6.586970567703247,0.9617454989098336,0.9990649431576945,0.9639536861938108,0.9991866064725444,0.970316018003595,0.9969530773918344,0.9887640449438196,0.7423207938180044,0.9991803988760496
847_OPPORTUNITY_id_6_HumanActivity_tr_808_1st_908.csv,1.875413179397583,0.9350382340026212,0.9958227356556584,0.943751820707802,0.996422530329006,0.9559590900074986,0.9960750109027476,0.9856812933025398,0.6148010057859243,0.9966307015134068
848_OPPORTUNITY_id_7_HumanActivity_tr_1477_1st_1577.csv,4.778963327407837,0.7644506898878929,0.9954382026337744,0.7349067168990704,0.9954700213160016,0.8353541940035442,0.8868980963045913,0.8389154704944173,0.6782918695484176,0.9752103331091034
849_OPPORTUNITY_id_8_HumanActivity_tr_1100_1st_1200.csv,11.313090562820436,0.9975318715896628,0.9999072109424444,0.9964342134844224,0.999934773224946,0.9883863768201436,1.0,0.9999999999999996,0.7774395199099831,0.99982750943417
850_OPPORTUNITY_id_9_HumanActivity_tr_895_1st_995.csv,3.6020750999450684,0.9338947543271076,0.9962911706221028,0.9440056080123004,0.9974489673817454,0.8933451118882577,1.0,0.9999999999999996,0.5030758714969241,0.9991389352089984
851_OPPORTUNITY_id_10_HumanActivity_tr_6213_1st_7311.csv,10.77579426765442,0.7315943789338077,0.9169105944556244,0.72607114809304,0.9248346437561744,0.7551701748151859,1.0,0.9999999999999996,0.6025641025641025,0.998267938803262
853_OPPORTUNITY_id_12_HumanActivity_tr_808_1st_908.csv,1.5177788734436035,0.8931147595666313,0.9654445824892992,0.8915538000873366,0.9664641681915342,0.8957745017976559,1.0,0.9999999999999996,0.4760725143564914,0.9756183273031392
854_OPPORTUNITY_id_13_HumanActivity_tr_1477_1st_1577.csv,4.690599203109741,0.9954159499535966,0.999894488455374,0.9937723835641996,0.9999175226586152,0.9746785443614924,1.0,0.9999999999999996,0.7350577042060085,0.9996030415328307
855_OPPORTUNITY_id_14_HumanActivity_tr_808_1st_908.csv,1.7843282222747805,0.4902309002501333,0.936689409034034,0.5130635058185322,0.938985679895214,0.7635039691628677,0.9802575107296138,0.779095626389918,0.3277652585946904,0.9122039829798576
856_OPPORTUNITY_id_15_HumanActivity_tr_808_1st_908.csv,2.2939682006835938,0.0762956299734626,0.1303804211339174,0.0771768920095894,0.1360264960172138,0.2239415352108202,0.8372434017595308,0.2231818627932081,0.3974496059813375,0.7222694470715019
857_OPPORTUNITY_id_16_HumanActivity_tr_500_1st_566.csv,4.867411851882935,0.9273623662039476,0.9958589183206512,0.9388404830102266,0.9970348143549564,0.907126862817304,0.9607550919026328,0.948476454293628,0.9126621161657704,0.9967922298179352
858_OPPORTUNITY_id_17_HumanActivity_tr_808_1st_908.csv,1.762348175048828,0.8746389036299108,0.9345411459099696,0.8730320750055304,0.9351164460889022,0.8491246483869469,1.0,0.9999999999999996,0.5745041363500448,0.9971746284578122
859_OPPORTUNITY_id_18_HumanActivity_tr_895_1st_995.csv,4.225548267364502,0.9432342657810516,0.9988285388606392,0.9348060088071716,0.998763353490704,0.9492223785769276,0.9875986471251408,0.9640787949015058,0.5369978858350951,0.9938031169101756
860_OPPORTUNITY_id_19_HumanActivity_tr_808_1st_908.csv,2.053347110748291,0.8628551078740264,0.9714813589661608,0.8612005928832531,0.972744163320118,0.8510216492450197,1.0,0.9999999999999996,0.4476938999272459,0.9876865763032866
861_OPPORTUNITY_id_20_HumanActivity_tr_2085_1st_2185.csv,7.17120361328125,0.9829495345847592,0.996435746325198,0.9831952487983746,0.9979353082564196,0.9783499790708547,1.0,0.9999999999999996,0.757861054692966,0.9998869074936376
862_OPPORTUNITY_id_21_HumanActivity_tr_500_1st_566.csv,4.353823661804199,0.9917182935052458,0.9994496302537742,0.9942843304863896,0.999708694987864,0.9538255446598072,1.0,0.9999999999999996,0.950295986374704,0.9992122393596284
863_OPPORTUNITY_id_22_HumanActivity_tr_808_1st_908.csv,1.5531668663024902,0.3104818279396023,0.7662937980491054,0.3158576261074698,0.7666816564270725,0.6024841535241551,0.8033767147379529,0.6818747407714636,0.3423647208549917,0.788180225095306
865_OPPORTUNITY_id_24_HumanActivity_tr_2085_1st_2185.csv,7.513278722763061,0.9918278327629202,0.9997258310396322,0.9954174578054474,0.9998895956600374,0.9729354703755444,1.0,0.9999999999999996,0.772251625816971,0.99959928282386
866_OPPORTUNITY_id_25_HumanActivity_tr_6213_1st_7311.csv,11.13369870185852,0.9969322460503104,0.9998796301964176,0.9967320638121806,0.9999264766978267,0.9789177188744096,1.0,0.9999999999999996,0.9291422482685135,0.9998446526879924
867_OPPORTUNITY_id_26_HumanActivity_tr_808_1st_908.csv,1.860594749450684,0.1042503716706886,0.0754406771597965,0.1071887945735656,0.1070339705361712,0.2239415352108202,0.6686182669789227,0.0580744972033796,0.1027759038950556,0.6786248573068346
868_OPPORTUNITY_id_27_HumanActivity_tr_2085_1st_2185.csv,8.445880651473999,0.9212192358939488,0.9970457350885028,0.9307056684884928,0.9983446656467734,0.949539073124321,0.9885196374622356,0.9725190839694652,0.7330003734154449,0.9984639207934054
869_OPPORTUNITY_id_28_HumanActivity_tr_500_1st_566.csv,4.6030590534210205,0.9848915823294886,0.9988056779342712,0.9924368845704568,0.999577111220063,0.931836303487787,1.0,0.9999999999999996,0.9380762993322472,0.9992840508721424
870_OPPORTUNITY_id_29_HumanActivity_tr_1477_1st_1577.csv,4.790989637374878,0.9739751109629416,0.9994183962818648,0.9899096159762304,0.9998436422107824,0.9382983435480148,0.9962264150943396,0.9916897506925202,0.8530710086014905,0.999320977910892
